author_name,author_id,field_of_expertise_1,field_of_expertise_2,field_of_expertise_3,field_of_expertise_4,field_of_expertise_5,1991,1992,1993,1994,1995,1996,1997,1998,1999,2000,2001,2002,2003,2004,2005,2006,2007,2008,2009,2010,2011,2012,2013,2014,2015,2016,2017,2018,2019,2020,2021,2022,2023
Satoshi Tanaka,kHAuG30AAAAJ,Visualization,Digital Humanities,Monte Carlo Simulation,,,,,,,,,,,,,,192,365,589,730,957,1364,1646,1804,2034,3001,3872,4289,4358,5004,5255,5682,5997,5325,5105,5199,5209,1375
Lev Manovich,QP5JHg_7o_cC,digital culture,media theory,digital humanities,digital art,cultural analytics,,,,,,,,,,,,186,292,406,505,615,772,939,1009,1200,1462,1805,2078,2556,2582,2942,2879,2919,2895,2908,2730,2314,367
David De Roure,ETrbpjsAAAAJ,Digital Humanities,Computational Musicology,Internet of Things,Cybersecurity,e-Science,,,,,,,80,101,111,171,188,284,455,566,725,850,778,838,1009,971,1031,1066,1110,1098,1092,957,954,770,1182,943,1054,974,214
Gerik Scheuermann,FXZzosEAAAAJ,Visualization,Visual Analytics,Topology,Cliffordalgebra,Digital Humanities,,,,,,,,,,,,56,117,136,169,196,279,297,316,313,405,441,395,449,456,1008,1755,2046,2281,2366,2747,2592,590
Graeme Hirst,VGdVdjwAAAAJ,Computational Linguistics,Natural Language Processing,Digital Humanities,,,88,123,167,156,154,131,160,195,167,180,144,189,281,344,444,517,566,626,646,797,675,811,811,930,899,979,857,865,845,946,855,833,129
Shlomo Engelson Argamon,mjsJxhQAAAAJ,Artificial intelligence,machine learning,computational linguistics,digital humanities,authorship analysis,,,,,,39,42,49,51,78,75,86,88,128,164,210,258,325,366,448,499,586,722,753,780,934,849,902,861,917,825,839,164
David Mimno,uBFV6SUAAAAJ,Machine Learning,Text Mining,Topic Modeling,Digital Humanities,,,,,,,,,,,,,,,,,,32,62,98,164,250,344,427,574,707,836,846,1011,1280,1372,1417,1416,272
Antal van den Bosch,LCuzJyYAAAAJ,Computational Linguistics,Digital Humanities,Artificial Intelligence,Machine Learning,Text Analytics,,,,,,35,69,93,127,203,156,210,196,273,308,376,382,351,446,473,371,402,398,451,427,535,528,565,556,570,619,543,111
Katrien Verbert,t5cgwVAAAAAJ,Explainable AI,interactive recommender systems,human-computer interaction,visual analytics,digital humanities,,,,,,,,,,,,,,,52,69,42,87,76,123,151,215,330,428,536,673,752,839,992,1152,1305,1414,300
Frederic Kaplan,pZEf29QAAAAJ,Digital Humanities,,,,,,,,,,,,,23,59,46,111,104,120,296,204,259,289,349,345,386,353,471,483,411,502,491,561,697,667,707,738,156
Erik Tjong Kim Sang,3_FPFgMAAAAJ,Computational Linguistics,Digital Humanities,Machine Learning,,,,,,,,,,,,32,65,118,122,136,221,234,258,273,280,296,240,312,322,335,361,410,425,551,663,775,857,919,145
Walter Scheirer,dlV-qnUAAAAJ,Artificial Intelligence,Computer Vision,Machine Learning,Digital Humanities,,,,,,,,,,,,,,,,,,,34,61,102,105,128,249,260,347,383,457,604,760,1060,1240,1394,381
Jaap Kamps,bWlQ2uEAAAAJ,Information Retrieval,Natural Language Processing,Artificial Intelligence,Digital Humanities,New Media,,,,,,,,,,,,31,42,79,169,246,255,214,349,420,475,439,416,420,428,553,507,483,550,486,481,389,87
Robert Godwin-Jones,W21O9OkAAAAJ,applied linguistics,language learning and technology,intercultural communication,digital humanities,,,,,,,,,,,,,20,22,43,78,96,140,156,238,232,273,295,389,342,440,497,506,571,622,686,728,757,159
Jason Mittell,I2Zb3TsAAAAJ,Media Studies,Television Studies,Film Studies,Narrative Theory,Digital Humanities,,,,,,,,,,,,,,,26,38,60,85,118,120,204,280,392,465,546,684,678,692,786,721,700,581,114
David A. Smith,T8k2etUAAAAJ,natural language processing,computational linguistics,information retrieval,machine translation,digital humanities,44,38,53,40,44,49,65,68,62,78,90,77,115,91,170,185,209,212,232,285,314,387,367,375,380,379,419,398,381,412,388,405,96
Amardeep Singh,VLcv-IIAAAAJ,Postcolonial literature,Film,Digital Humanities,Modernism,,15,25,19,20,31,32,28,41,20,50,44,67,66,74,97,120,115,108,150,181,181,223,238,326,312,383,465,589,521,627,732,736,195
John Stephen Downie,fJLNqvIAAAAJ,Music information retrieval,digital humanities,e-science,library science,information science,,,,,,,,,,,19,46,85,112,114,158,181,262,232,337,347,335,398,347,418,481,506,421,330,358,333,322,68
Roberto Theron (https://orcid.org/0000-0001-6739-8875),SdkXXMAAAAAJ,Data visualization,Visual Analytics,Human-Computer Interaction,Bioinformatics,Digital Humanities,,,,,,,,,,,,,,,,,,42,42,86,109,186,203,330,404,493,476,714,762,781,558,556,111
Massimiliano Corsini,jU8HCCkAAAAJ,computer graphics,computer vision,artificial intelligence,multimedia,digital humanities,,,,,,,,,,,,,,,27,28,38,57,85,134,127,198,213,232,298,338,476,644,643,667,789,756,196
Tomaž Erjavec,heGupqYAAAAJ,Language Technologies,Language Resources,Digital Humanities,,,,,,,,,,29,49,60,43,75,70,114,89,179,163,239,251,249,230,387,272,361,265,410,355,382,398,359,393,385,44
Franciska de Jong,qCOtRT8AAAAJ,language technology,information retrieval,digital humanities,machine translation,spoken document retrieval,,,,,19,18,23,41,25,41,44,50,80,61,59,74,75,116,122,157,128,244,203,316,315,410,470,515,521,502,563,467,97
Tsvi Kuflik,pHGEoJEAAAAJ,Digital Humanities,Advanced technology for Cultural Heritage,User Modeling,Intelligent User Interfaces,Smart environments,,,,,,,,,,,,,,36,55,52,103,131,169,182,228,274,290,323,433,405,431,551,475,452,522,519,119
Rens Bod,LRKlkaAAAAAJ,History of Humanities,History of Knowledge,History of Science,Digital Humanities,Computational Linguistics,,,,,23,39,52,38,85,101,103,135,203,131,205,253,240,228,217,235,233,235,315,271,242,376,323,273,250,285,315,233,68
Alexandra  I Cristea,jQMxCKYAAAAJ,Learning Analytics,User Modelling,Web Science,Artificial Intelligence in Education,Digital Humanities,,,,,,,,,,19,31,62,109,162,192,324,239,270,314,297,188,246,288,245,219,251,172,242,236,329,486,559,150
Kostas Karpouzis,12olpHgAAAAJ,Digital Humanities,Serious Games,Affective computing,Human-computer interaction,Machine Learning,,,,,,,,,,,,,24,28,59,83,120,145,228,266,320,329,386,367,401,367,340,371,384,341,384,436,102
Emanuele Frontoni,Vgi8nAcAAAAJ,artificial intelligence,computer vision,robotics,remote sensing,digital humanities,,,,,,,,,,,,,,,,14,23,23,32,59,55,80,101,166,148,190,289,349,600,713,1024,1244,334
Richard Furuta,vygtLDcAAAAJ,Digital Libraries,Digital Humanities,HCI,,,112,103,180,175,189,148,182,175,173,191,198,234,212,214,212,177,200,152,153,130,160,166,141,138,114,143,99,90,104,90,79,74,10
Mathieu Aubry,0MiPsosAAAAJ,computer vision,machine learning,digital humanities,,,,,,,,,,,,,,,,,,,,,,,,25,48,87,178,227,350,489,598,882,992,1166,296
Michele Coscia,3p_bhfUAAAAJ,Complex Networks,Digital Humanities,Human Mobility,Economic Development,Memetics,,,,,,,,,,,,,,,,,,,,,18,118,198,283,386,449,471,562,558,620,657,605,133
Todd Presner,SkuWmdYAAAAJ,Digital Humanities,German-Jewish culture,digital mapping,GIS,,,,,,,,,,,,,,,23,35,50,78,77,95,106,129,170,221,296,370,441,446,482,482,461,463,451,68
Thomas Hegghammer,8khoUBcAAAAJ,Political Violence,Middle East,Digital Humanities,,,,,,,,,,,,,,,,,,31,51,69,90,96,151,153,173,258,371,462,471,458,461,604,439,414,77
Tim Weyrich,pUB0nnwhGVAC,appearance modelling,point-based graphics,3D reconstruction,cultural heritage acquisition,digital humanities,,,,,,,,,,,,,,,25,67,70,110,132,176,222,238,276,282,380,398,378,459,391,415,376,407,75
Peter Lunenfeld,GNCyVj0AAAAJ,Media philosophy,new media,art and design criticism,digital humanities,urban humanities,,,,,,,,,,,30,70,73,87,102,146,169,187,173,193,197,209,257,299,330,365,354,401,319,276,246,241,37
David M. Berry,22sLFVoAAAAJ,Digital Humanities,Software Studies,Critical Theory,Media Theory,Critical University Studies,,,,,,,,,,,,,,,15,23,30,33,46,44,95,181,217,282,374,434,481,481,511,533,479,390,69
Jill Walker Rettberg,wtk_Bc7v6EAJ,machine vision,digital narrative,social media narrative,algorithmic culture,digital humanities,,,,,,,,,,,,,45,51,75,99,111,145,168,209,210,252,231,259,260,338,333,392,338,339,355,281,54
Jacco van Ossenbruggen,BqsB3xIAAAAJ,data science,cultural AI,civic AI,digital humanities,tool criticism,,,,,,,19,36,78,78,144,116,192,173,214,167,214,237,266,270,253,206,207,238,159,194,153,166,159,173,158,176,28
Timo Honkela,JxUN_ggAAAAJ,language technology,text mining,digital humanities,socio-cognitive modeling,language philosophy,,,,,,31,73,130,146,145,131,145,176,190,178,156,163,175,179,200,143,250,215,233,184,189,153,161,159,186,180,138,38
Matthew Kirschenbaum,YV-jMbMAAAAJ,Media studies,book history,contemporary literature,games,digital humanities,,,,,,,,,,,,,,,,19,14,36,43,47,119,201,252,249,385,449,431,424,460,382,335,362,46
Melissa Terras,nKl6E7EAAAAJ,Digital Humanities,,,,,,,,,,,,,,,,,,,,12,13,25,42,64,90,154,152,244,283,393,358,385,413,476,432,654,105
David Bamman,RkA1y54AAAAJ,Natural Language Processing,Machine Learning,Digital Humanities,Computational Social Science,,,,,,,,,,,,,,,,,,15,36,39,69,61,65,110,155,218,349,347,395,466,514,567,632,116
Jieh Hsiang,Rxg0ObMAAAAJ,Automated deduction,Digital Libraries,Digital Humanities,,,127,80,65,84,93,101,94,113,91,60,107,67,116,94,158,93,175,127,129,133,89,98,149,95,92,89,94,104,95,139,164,202,59
Alan Y. Liu,XvwdTTsAAAAJ,Digital Humanities,Romantic literary studies,,,,21,30,38,37,34,45,51,55,49,40,54,82,39,47,68,72,84,92,130,134,124,152,210,230,230,284,238,263,233,195,219,201,42
Vince Gaffney,TTyOLccAAAAJ,Archaeology,Landscape,Digital Humanities,,,20,8,12,10,12,24,26,34,45,66,52,53,78,86,85,115,111,106,91,116,116,155,230,216,233,272,272,250,208,227,189,241,64
José Antonio Cordón García,ll7MlugAAAAJ,Electronic Publishing,Digital Reading,Information Research,Digital Humanities,,,,,,,,,,,,,10,13,26,39,31,32,41,46,117,141,199,215,307,248,278,273,324,375,299,369,290,44
Galina Mozhaeva,c7Z0JcgAAAAJ,Continuing education,advanced learning technologies,e-learning,teacher training,Digital Humanities.,,,,,,,,,,,,20,33,48,32,49,56,67,91,132,135,109,140,182,229,373,297,315,311,412,387,267,8
Malvina Nissim,hnTpEOAAAAAJ,Computational Linguistics,Language Technology,Natural Language Processing,Linguistics,Digital Humanities,,,,,,,,,,,,,15,37,90,113,141,159,134,131,102,109,142,141,152,201,207,273,274,381,359,491,95
Emanuele Pianta,nDdTKQMAAAAJ,Human Language Technologies,Computational Lingustics,Language Resources,Digital Humanities,,,,,,,,,,24,23,14,37,57,99,96,121,108,157,184,196,198,287,260,291,219,270,204,167,183,161,143,104,21
Oliver Grau,S3pGBDsAAAAJ,Image & Art Research,Media Art Histories,Digital Humanities,Digital Art,,,,,,,,,,,,,,25,49,51,71,73,119,145,153,191,203,223,240,206,221,223,249,272,249,271,254,49
Fotis Jannidis,H7qp_c0AAAAJ,Digital Humanities,Computational Literary Studies,Quantitative Textanalysis,Stylometry,Narratology,,,,,,,,,,,14,18,8,28,29,36,48,81,79,82,87,109,132,179,191,228,234,277,355,365,396,394,86
Dr Beatrice Alex,1VYnHCMAAAAJ,text mining,information extraction,natural language processing,health records,digital humanities,,,,,,,,,,,,,,,21,31,29,81,50,63,53,57,62,61,63,70,79,82,95,113,542,1603,348
Owen Conlan,2g6sNZYAAAAJ,Personalisation,Personalised Visualisation,Technology Enhanced Learning,Digital Humanities,,,,,,,,,,,,9,24,37,95,103,121,153,176,232,181,198,225,191,190,168,151,195,210,155,173,204,200,34
Matthew Jockers,zmyHfb8AAAAJ,Text Mining,Literature,Digital Humanities,Machine Learning,,,,,,,,,,,,,,,,,,,,,13,25,51,91,148,212,293,334,387,430,449,426,417,68
Beatriz Rodríguez-Labajos,WJSmCDYAAAAJ,ecological economics,environmental justice,gender,creative activism,digital humanities,,,,,,,,,,,,,,,,,,,32,27,40,55,79,122,261,254,302,322,347,433,436,463,118
José Luis Orihuela,PpOHN2YAAAAJ,Digital Culture,Digital Strategy,Digital Humanities,Digital Literacy,Mastodon,,,,,,,,,,,,,,22,46,48,75,147,133,175,170,226,185,237,211,224,272,231,235,176,201,141,25
Christos Papatheodorou,qw_Gwj0AAAAJ,digital humanities,e-science,digital libraries,information retrieval,digital preservation,,,,,,,,,,12,12,22,50,70,88,95,133,152,167,190,195,212,213,240,182,200,203,149,177,134,150,131,15
John Unsworth,tfYqTx8AAAAJ,Digital Humanities,Scholarly Communication,,,,,,,,,16,10,7,15,16,16,16,13,21,36,40,79,69,103,122,149,189,191,219,200,222,252,202,209,249,220,193,26
Thomas Mandl,Quy2i0AAAAAJ,Information Retrieval,Human-Computer Interaction,Digital Humanities,Information Literacy,Hate Speech.,,,,,,,,,10,6,11,36,37,51,91,109,102,145,150,170,162,125,108,95,79,85,93,80,146,158,520,473,114
Mark Alfano,d4SgWcsAAAAJ,Moral Psychology,Epistemology,Nietzsche,Experimental Philosophy,Digital Humanities,,,,,,,,,,,,,,,,,,,,,,11,38,61,103,156,213,287,322,363,517,794,164
Lauren Frederica Klein,Xc9Sco0AAAAJ,digital humanities,data justice,data feminism,quantitative literary studies,,,,,,,,,,,,,,,,,,,,,,,11,42,61,94,132,152,199,219,385,607,850,190
Eetu Mäkelä,-J16RgQAAAAJ,Computational Humanities,Computational Social Science,Digital Humanities,Complex Data,Artificial Intelligence,,,,,,,,,,,,,,21,68,124,133,170,182,129,133,126,121,141,140,181,179,170,170,226,257,263,76
Sebastian Rahtz,Uzo0ECAAAAAJ,text encoding,archaeological computing,digital humanities,,,10,12,15,23,36,43,34,47,67,55,80,96,120,129,128,95,140,123,142,137,152,141,136,127,107,117,98,83,77,76,98,85,19
Benoît Habert,tDnzY3IAAAAJ,Information Architecture,Natural Language Processing,Corpus Linguistics,Digital Humanities,,,,,8,8,18,22,39,51,118,101,146,113,169,131,163,149,146,112,118,114,108,115,158,114,127,97,87,100,70,81,63,11
JOSE LUIS SIERRA RODRIGUEZ,UPeRr9wAAAAJ,Language-driven Development,Attribute Grammars,Computer Language Implementation Tools,eLearning,Digital Humanities,,,,,,,,,,8,8,11,8,27,38,47,142,113,189,163,193,254,208,202,189,158,178,155,185,125,115,98,15
Sara Tonelli,7b95vjEAAAAJ,Natural Language Processing,Digital Humanities,Artificial Intelligence,,,,,,,,,,,,,,,,,,,8,16,44,44,40,109,124,147,176,203,194,214,275,350,370,437,74
Tim Hitchcock,XudWSHsAAAAJ,history,digital humanities,,,,,,,,,,,9,26,28,40,32,43,48,50,65,79,50,77,83,76,112,128,167,230,246,187,216,185,189,211,167,35
Frans Wiering,TN3yLrkAAAAJ,music information retrieval,computational musicology,digital humanities,interaction design,,,,,,,,,,12,8,12,14,11,34,42,98,110,100,132,145,167,129,149,147,176,212,216,183,160,160,158,116,30
Gerhard Heyer,Q1yST2AAAAAJ,Text Mining,NLP,Digital Humanities,,,7,9,4,10,10,6,6,8,6,11,8,22,34,48,42,34,49,55,59,83,118,100,121,152,135,162,119,154,181,227,292,371,84
Paul Mulholland,xhVoIDYAAAAJ,Human Computer Interaction,Technology enhanced learning,Digital cultural heritage,Digital Humanities,Music Computing,,,,,,,18,23,19,24,25,45,44,46,69,81,56,66,73,84,100,117,140,177,162,209,202,154,176,142,166,205,51
Peter Robinson,FzphlAUAAAAJ,textual scholarship,digital humanities,phylogenetics,Chaucer,,,,,9,13,22,40,19,39,24,35,39,46,81,83,77,87,70,139,88,113,145,141,163,122,210,129,154,108,109,134,126,21
Christian Chiarcos,IYbsrxUAAAAJ,Natural Language Processing,Computational Linguistics,Linked Data,Digital Humanities,XML and post-XML technologies,,,,,,,,,,,,,,,,7,31,73,37,65,85,154,150,175,152,174,160,226,210,296,233,340,27
Scott B. Weingart,c5t_w1cAAAAJ,history of science,digital humanities,digital history,cultural analytics,digital scholarship,,,,,,,,,,,,,,,,,,,18,21,36,39,68,96,165,229,285,270,283,315,317,401,79
Susan Schreibman,aZcupcsAAAAJ,Digital Humanities,Irish poetic modernism,Digital Archives,Thomas MacGreevy,,,,,,,,,,,,,,,,14,14,36,43,67,77,104,143,145,171,160,201,196,201,208,231,209,191,22
Seamus Ross,n1R2NMIAAAAJ,Digital Humanities,Digital Preservation/Curation,Digital Archaeology,Archives,Cultural Heritage Informatics,,,,,,,8,15,18,8,20,14,27,35,51,68,121,115,128,156,162,190,168,161,168,163,136,119,135,84,82,76,18
Marieke van Erp,QeZOR3AAAAAJ,text mining,cultural heritage,semantic web,cultural ai,digital humanities,,,,,,,,,,,,,,,,,,7,7,21,20,23,58,74,166,221,263,299,255,317,310,331,79
Gerold Schneider,l_8L7NYAAAAJ,Computational Linguistics,Corpus Linguistics,English Linguistics,Digital Humanities,Cognitive Linguistics,,,,,,,,,,7,10,22,17,34,43,74,98,105,131,126,153,203,162,215,142,143,160,132,123,117,114,113,33
Michael Andrec,dQT4ipgAAAAJ,Data analytics,statistics,digital humanities,,,,,,,,9,9,14,25,47,73,88,94,122,105,114,126,138,152,129,143,144,115,127,107,100,105,72,74,68,64,62,6
J. Berenike Herrmann,HmgX1bsAAAAJ,Data Humanities,Digital Humanities,Computational Stylistics,German-Swiss Literature,Sentiment Analysis,,,,,,,,,,,,,,,,,,,9,18,44,50,70,124,150,197,212,211,239,267,326,343,63
刘炜,X2BLbJ4AAAAJ,Digital Library,Digital Humanities,Knowledge Organization,Metadata,Librarianship,,,,,,,,,,18,31,61,73,82,67,60,83,102,110,138,143,164,163,178,212,171,82,71,131,93,76,68,8
anna gibbs,BS98_yYAAAAJ,Affect Theory,Literary Studies,Media Studies,Cultural Studies,Digital Humanities,,,,,,,,,,,,,7,11,18,13,21,17,29,25,38,43,84,98,83,122,148,222,333,331,339,277,74
Olga Uryupina,bL5GcAYAAAAJ,Natural Language Processing,Computation Linguistics,Social Media,Digital Humanities,Machine Learning,,,,,,,,,,,,,12,17,47,36,38,39,38,53,38,68,86,80,129,141,149,169,239,306,316,311,54
Moya Bailey,Nr8mmFMAAAAJ,Women's Studies,African American Studies,Digital Humanities,Disability Studies,Communication,,,,,,,,,,,,,,,,,,,,,,,10,14,25,55,61,121,186,298,580,718,184
Christopher Donaldson,4l01htwAAAAJ,Cultural History (esp. British c18/19),Historical Geography,Environmental History,Digital Humanities,,,,,,,,,,,,,,,,,,,,,,,,,,11,12,58,88,85,89,592,1131,219
Charlotte Roueche,tMk07f0AAAAJ,Classics,Byzantine Studies,Epigraphy,Digital Humanities,,6,9,13,7,16,21,32,24,32,26,32,48,49,55,40,41,59,76,54,74,88,112,130,137,140,152,120,118,124,112,117,107,25
Oliver Duke-Williams,7wDFF_sAAAAJ,Population geography,census,digital humanities,,,,,,,,6,6,7,15,23,21,22,38,36,45,37,64,60,78,120,79,87,96,101,83,102,165,135,163,219,201,183,32
Nicolas Gold,H0jzfvwAAAAJ,Ethics,Computer Music,Software Engineering,Digital Humanities,,,,,,,,,,,9,11,19,30,55,57,66,60,75,87,117,127,120,133,119,125,143,122,107,88,89,177,177,49
Astrid Ensslin,v6oKWJQAAAAJ,Video games,digital narrative,Digital Humanities,gender and the body,digital culture,,,,,,,,,,,,,,,,,21,16,34,61,79,90,154,96,165,123,167,207,226,209,239,219,31
Sarah Whitcher Kansa,DIrfVhUAAAAJ,archaeology,digital humanities,zooarchaeology,,,,,,,,,,,,,,,,,,,,10,16,17,44,64,56,117,182,153,179,236,239,211,261,266,84
Patrick E. Savage,UCIt79UAAAAJ,ethnomusicology,music cognition,cultural evolution,digital humanities,,,,,,,,,,,,,,,,,,,,,,,,10,29,33,85,108,144,221,274,459,617,118
Wajdi Zaghouani,Jayj_-cAAAAJ,Digital Humanities,Computational Social Sciences,Arabic Natural Language Processing,Computational Linguistics,,,,,,,,,,,,,,,,,13,19,29,28,42,20,43,47,75,114,173,124,155,220,258,308,413,62
Wolfgang Schmale,ZvoLgqkAAAAJ,History,Europe,Gender,Digital Humanities,Human Rights,,,,,,,,13,16,24,22,24,31,38,35,48,68,106,93,132,108,103,105,126,109,130,104,97,174,125,108,95,13
Ted Underwood,KmW82uwAAAAJ,Cultural Analytics,Digital Humanities,English Literary History,,,,,,,,,,,,,,,,,,,,,6,8,8,17,26,40,97,124,174,199,255,295,354,359,76
kerry mallan,Wd7vxoUAAAAJ,children's literature,digital media,digital participation,digital humanities,,,,,,,,,,,,9,8,5,16,21,13,18,22,47,55,91,106,115,144,174,179,154,163,200,165,181,142,18
Marian Dörk,pDg8ZMAAAAAJ,Data Visualization,Human-Computer Interaction,Digital Humanities,Urban Futures,,,,,,,,,,,,,,,,,,,,12,23,49,74,105,129,146,182,191,217,192,226,227,244,48
Uta Hinrichs,kGPAR0YAAAAJ,Data Visualization,Human Computer Interaction,Interaction Design,Digital Humanities,,,,,,,,,,,,,,,,,19,17,29,34,45,44,85,116,115,147,122,153,186,187,255,213,240,38
Marc Rittberger,gQOWgmkAAAAJ,Information Retrieval,Bibliometrics,Altmetrics,Digital Humanities,Information Quality,,,,12,10,2,14,5,16,7,8,7,9,24,11,27,8,13,19,23,29,55,73,93,93,139,160,149,182,217,245,276,88
Wei Ding,ShRPvWEAAAAJ,Data visualization,Bioinformatics,Data mining,Digital humanities,,,,,,,,,,,,,,,,,,,,,,,,,,,50,193,258,318,372,372,372,84
John Stell,h_Fv6o8AAAAJ,Spatial Reasoning,Knowledge Representation,Digital Humanities,,,10,9,3,6,17,9,11,18,41,35,55,71,83,90,84,88,93,86,110,81,84,80,106,80,90,87,87,104,59,80,46,47,28
Ben Verhoeven,Et9lJMgAAAAJ,Computational Linguistics,Text Mining,Stylometry,Digital Humanities,Corpus Linguistics,,,,,,,,,,,,,,,,,,,,,,,9,23,62,127,215,301,279,269,329,303,69
Marijn Koolen,ED4lSXwAAAAJ,information retrieval,artificial intelligence,information science,digital humanities,recommender systems,,,,,,,,,,,,,,,,,11,22,61,93,129,116,115,115,115,144,141,113,145,159,161,274,43
Albert-László Barabási,vsj2slIAAAAJ,network science,statistical physics,biological physics,physics,medicine,,,,,,,,,,802,1221,2275,3683,5199,6869,8147,9543,10210,11617,12221,13196,14902,16115,16293,16424,16931,16608,16685,16530,16586,16985,15834,3769
Joseph Loscalzo,ZfAwwkUAAAAJ,Vascular Biology,Nitric Oxide,Redox Biology,Systems Biology,Network Science,467,583,884,1292,1990,2084,2510,2688,3221,3426,3484,3443,3647,3563,4174,4153,4208,3958,4123,4296,4438,5197,5428,5414,5373,5677,5663,5594,6021,6574,7442,7217,1804
Duncan J Watts,LhOAiXMAAAAJ,Computational Social Science,Network Science,Sociology,Complex Systems,,,,,,,,,,,,604,910,1350,2046,2646,3460,4291,4732,5367,5708,6141,7034,7476,7889,7677,7437,7025,7131,7254,7442,8031,7536,1765
Reka Albert,d27Ji6kAAAAJ,Network science,Systems Biology,Mathematical Biology,,,,,,,,,,,,,653,1332,2075,2804,3727,4501,5250,5521,6294,6376,6517,6855,7222,7441,7153,7300,6735,6616,6435,5989,5876,5622,1384
Olaf Sporns,gzPWwdIAAAAJ,Network Science,Computational Neuroscience,Theoretical Neuroscience,Connectome,Connectomics,,,,,,,,,,,394,320,360,382,417,585,826,902,1192,1951,2614,3332,4623,5682,6341,6901,7857,8185,8561,8816,9869,10245,2589
Georgios  B. Giannakis,Nu_6R8sAAAAJ,Signal processing,machine learning,wireless communications,power systems,network science,,,233,296,307,386,564,495,602,738,910,1290,1657,2303,3140,3967,4234,4510,4416,4398,4162,4322,4558,4751,4171,4352,4345,4271,4270,4060,3997,3911,750
Alessandro Vespignani,U3CXAPsAAAAJ,Network Science,Computational Epidemiology,Data Science,Statistical Physics,Complex Systems,,,,,,,,,,242,258,535,641,882,1340,1728,2026,2223,2390,2620,3044,3544,4095,4392,4798,5094,4980,5240,5138,8911,10683,8641,1921
Don Towsley,KIFPVWoAAAAJ,networking,network science,performance evaluation,,,348,356,430,541,556,591,743,970,1192,1546,1929,2439,2971,3509,3763,3919,3956,3672,3822,3866,3489,3398,3393,3298,3112,3011,2794,2831,2743,2680,2609,2614,575
Nicholas A. Christakis,sR_OzkgAAAAJ,network science,sociology,behavior genetics,social networks,public health,,,,,,,,,182,279,447,569,613,749,805,983,1151,1539,1891,2529,3368,3927,4648,5045,5383,5218,5129,5166,5140,5220,5469,5041,1050
Nitesh V Chawla,hDLBEhkAAAAJ,Data science,machine learning,network science,,,,,,,,,,,,,,,,,152,261,288,424,581,707,969,1235,1532,1922,2230,2539,2973,4053,5390,6624,8082,9211,2266
Brian Uzzi,uGJ_6aQAAAAJ,social networks,network science,social media,complex systems,sociology of science,,,,,,,,142,193,298,416,543,714,828,1036,1377,1437,1823,1898,2271,2383,2505,2799,2795,2954,2941,2942,2858,3028,2921,2944,2944,804
Vito Latora,jXTPa_AAAAAJ,Complex Networks,Network Science,Complex Systems,Statistical Mechanics,Nonlinear dynamics,,,,,,,,,,,130,234,195,336,426,622,1045,1301,1506,1686,2012,2382,2754,2850,2894,3212,3128,3429,3479,3415,3897,4247,1133
Kathleen M. Carley,KeJfN-IAAAAJ,network science,computer simulation,social media analytics,,,,,,142,169,230,271,317,515,475,562,614,858,1030,1205,1363,1434,1627,1954,1817,2050,2245,2383,2484,2432,2482,2436,2408,2438,2863,3046,3114,699
Yong He,PwVP55AAAAAJ,Neuroimaging,MRI,Connectome,Network science,Development,,,,,,,,,,,,,,,,,,239,395,730,1196,1768,2515,2955,3941,3857,4288,4039,4228,4307,4933,5079,1519
Santo Fortunato,NDrCCokAAAAJ,complex systems,network science,computational social science,science of science,climate change,,,,,,,,,,,,,,,,,157,307,570,1124,1670,2224,2792,3174,3313,3498,3495,3776,3867,3808,3801,3524,876
Matjaž Perc,nfY5WDMAAAAJ,Statistical Physics,Cooperation,Complex Systems,Evolutionary Game Theory,Network Science,,,,,,,,,,,,,,,,,166,229,360,751,1184,1389,1866,2197,2653,2569,3046,3943,4261,4268,4957,5167,1816
Pierre Vandergheynst,1p9NOFEAAAAJ,data science,machine learning,artificial intelligence,network science,computer vision,,,,,,,,,,,,,123,193,293,386,493,590,690,693,809,956,1256,1447,1690,2044,2430,3101,4058,4780,5355,5713,1375
Edoardo M Airoldi,XKCyZk0AAAAJ,Statistics,Causal Inference,Network Science,Statistical Machine Learning,Computational Biology,,,,,,,,,,,,,,,,,98,227,404,639,849,1092,1524,1965,2229,2785,3210,3534,3767,4175,4908,4892,1157
Pedro Jordano,TrKYqaEAAAAJ,Coevolution,Network science,Evolutionary ecology,Plant-animal interactions,Ecological networks,,,,,,,109,102,126,232,140,269,217,311,389,459,841,779,1093,963,1267,1673,1804,1866,2033,2278,2399,2811,2946,3014,3126,3346,988
Renaud Lambiotte,lftXi28AAAAJ,Network Science,Complex Networks,Statistical Physics,Complex Systems,,,,,,,,,,,,,,,,,,,158,253,446,679,1049,1562,1972,2190,2504,2665,3227,3493,4006,4602,4571,1024
Filippo Menczer,f_kGJwkAAAAJ,Misinformation,Web Science,Network Science,Computational Social Science,Social Media,,,,,,,,,,118,93,169,200,258,353,356,393,529,599,691,722,883,1060,1248,1387,1611,1923,2556,3565,4242,4629,4621,937
Aaron Clauset,e7VI_HcAAAAJ,Network Science,Science of Science,Machine Learning,Computational Biology,Computational Social Science,,,,,,,,,,,,,,,,167,264,465,723,1033,1342,1573,1868,2073,2183,2413,2447,2816,3038,3279,3481,3432,847
Alain Barrat,5MeSMfAAAAAJ,Statistical Physics,Complex systems,Network Science,Epidemiology,Social networks,,,,,,,,,,103,169,217,252,265,493,631,912,868,1023,1024,1400,1693,2002,2021,1991,2009,1972,2024,2133,2438,2601,2786,717
David Lazer,gMndACUAAAAJ,Computational social science,network science,political communication,misinformation,collective intelligence,,,,,,,,,,,,,,,99,109,162,250,365,654,907,1108,1302,1526,1845,1952,1980,2227,2857,3436,4167,4351,1015
Ali Jadbabaie,ZBc_WwYAAAAJ,systems and control,network science,network economics,optimization,dynamical systems,,,,,,,,,,,81,73,130,252,434,589,935,1059,1102,1346,1399,1672,1768,1741,1708,1755,1688,1613,1720,2019,2246,2494,628
Michael Kearns,8iQk0DIAAAAJ,Machine Learning,Algorithmic Game Theory,Network Science,Computational Social Science,Algorithmic Trading and Computational,104,149,197,305,336,297,295,364,368,311,471,483,556,554,721,718,916,845,935,926,902,997,917,983,1031,1041,1185,1338,1584,2050,2326,2458,515
Bruce J. West,rEKMzQcAAAAJ,network physiology,network science,fractional calculus,fractal physiology,,373,334,402,434,415,536,440,547,512,549,506,577,588,538,707,834,731,739,781,855,832,985,1002,1060,890,1043,972,852,887,878,1114,888,216
Sinan Aral,E2uuNVoAAAAJ,Network Science,Data Science,Computational Social Science,Digital Economy,Experiments,,,,,,,,,,,,,,,,,,104,194,329,521,709,1017,1258,1450,1544,1532,1946,2445,3012,3546,3644,815
Guido Caldarelli,RZid9X8AAAAJ,Network Theory,Network Science,Statistical Physics,Complex Systems,,,,,,,,,,78,73,82,108,141,218,290,302,493,494,531,555,609,669,799,891,1077,1457,1536,1979,2162,2508,2946,2770,670
Alessandro Flammini,aOzxhScAAAAJ,computational social science,network science,data science,,,,,,,,,,,,,,,,83,119,193,241,270,264,293,344,470,646,847,1028,1276,1700,2240,2826,3134,3185,3132,656
Juan Nunez-Iglesias,IEPhQd4AAAAJ,Image analysis,Neuroscience,Machine learning,Network science,,,,,,,,,,,,,,,,,,,,,,67,82,69,108,168,228,321,406,652,3051,6241,8125,2527
Vicki Stover Hertzberg,6U8dvSkAAAAJ,data science,biostatistics,epidemiology,network science,,105,119,139,134,136,168,163,203,222,247,296,275,349,388,449,627,711,797,806,783,934,1080,1088,1182,1221,1305,1145,1110,1170,1229,1304,1409,346
Ulrik Brandes,fmmZrwgAAAAJ,Social Networks,Network Science,Algorithmics,Graph Drawing,Information Visualization,,,,,,,,,,,70,90,165,215,280,348,460,563,675,863,971,1114,1417,1368,1425,1495,1579,1543,1566,1576,1698,1585,419
Jorge Cortes,rKO1QZoAAAAJ,Control Theory,Distributed Algorithms,Network Science,Game Theory,Robotics,,,,,,,,,,,,58,99,127,216,257,502,566,754,751,964,1092,1092,1179,1175,1293,1495,1613,1750,1932,2006,2282,440
Boleslaw Szymanski,2OJOZTUAAAAJ,community_detection,social networking,social informatics,communication networks,network science,,56,77,135,97,165,184,240,152,191,167,216,311,263,376,510,542,570,582,689,716,970,1127,1348,1388,1562,1451,1533,1417,1284,1283,1202,259
Marta C. Gonzalez,YAGjro8AAAAJ,Human Mobility,Urban Science,Network Science,Complex Systems,Computational Social Science,,,,,,,,,,,,,,,,,89,143,269,416,557,727,953,1171,1535,1667,1811,2117,2079,2275,2519,2172,470
Emilio Ferrara,0r7Syh0AAAAJ,Data Science,Machine Learning,Social Media,Computational Social Science,Network Science,,,,,,,,,,,,,,,,,,,,,,74,196,324,549,773,1132,1918,2777,3737,4177,4303,917
Noshir Contractor,Fqw9o84AAAAJ,Network Science,Computational Social Science,Web Science,Future of work.,,,,,,,55,71,87,100,152,138,159,224,248,294,302,328,416,463,644,864,1032,1206,1309,1323,1347,1394,1376,1490,1408,1617,1545,363
Neo D. Martinez,M2XGNO4AAAAJ,ecology,theoretical ecology,network science,ecological networks,food webs,,,,,,57,56,45,64,71,89,210,191,331,416,559,564,624,654,764,791,1013,1093,1273,1239,1431,1298,1388,1365,1280,1344,1235,348
Piet Van Mieghem,kJ9CX6sAAAAJ,Network Science,graph spectra,epidemics on networks,network resilience,stochastic processes,,,,,,,,,,,73,141,185,194,338,354,345,446,431,468,533,652,776,1074,1126,1377,1654,1608,1605,1767,1816,1810,415
Cameron Marlow,TTLOfXIAAAAJ,Social Networks,Network Science,Contagion,Social Influence,,,,,,,,,,,,,,,,,85,233,327,343,423,486,744,1119,1447,1686,1780,1818,1739,1710,1620,1561,1395,244
"Jukka-Pekka ""JP"" Onnela",eyYubf4AAAAJ,network science,digital phenotyping,data science,digital health,wearables,,,,,,,,,,,,,,,75,80,203,216,328,461,657,886,1037,1142,1121,1228,1322,1603,1739,1784,2196,2309,532
Florian Dörfler,P2kxZ3MAAAAJ,control theory,systems theory,optimization,network science,power networks,,,,,,,,,,,,,,,,,,,,,78,146,281,481,826,1143,1425,1901,2222,2927,3162,3516,827
Alexei Vazquez,PnxM2SQAAAAJ,Complexity,Network Science,Systems Biology,,,,,,,,,,,,,,64,207,301,409,504,636,642,803,973,1019,1196,1198,1105,1139,1172,1178,1149,1122,1270,1260,1188,296
Manlio De Domenico,KhJ4UFIAAAAJ,Complex Systems,Network Science,Statistical Physics,Biological Physics,Computational Social Science,,,,,,,,,,,,,,,,,,,100,248,675,766,946,838,1396,1609,1938,1644,1918,1648,2214,2322,581
Roger Guimera,aDQtHNsAAAAJ,Network science,Statistical physics,Systems biology,Computational social science,Bayesian statistics,,,,,,,,,,,,,51,100,235,422,626,677,882,860,986,1015,1164,1156,1219,1314,1161,1256,1234,1222,1333,1315,325
Petter Holme,v9f2xUAAAAAJ,computational social science,network science,complex systems,temporal networks,,,,,,,,,,,,,,81,138,204,324,417,444,535,562,635,795,1022,1073,1237,1329,1349,1467,1537,1466,1606,1677,436
Madhav  Marathe,diIore8AAAAJ,Network Science,Computational Epidemiology,Multi-agent systems,Scalable computing,AI,,,,,,,77,91,74,97,110,154,201,305,507,562,662,580,747,706,791,826,975,1021,1168,1088,998,929,1001,1273,1442,1300,334
Maurizio Porfiri,1KQ1VqsAAAAJ,Collective Behavior,Complex Systems,Network Science,Theoretical Mechanics,Urban Science,,,,,,,,,,,,,,,,,67,179,276,375,498,732,936,1140,1533,1353,1572,1798,1586,1616,1724,1784,466
Tamás Nepusz,wdyXgdEAAAAJ,Network science,data mining,random graphs,artificial intelligence,,,,,,,,,,,,,,,,,,,52,95,174,250,360,665,839,1026,1296,1484,1666,1818,2048,2522,2261,618
Johan Bollen,jDmcdsUAAAAJ,network science,complex systems,computational social science,cognitive science,bibliometrics,,,,,,,,,,,46,54,63,78,108,144,222,215,265,398,511,744,1030,1266,1530,1376,1454,1451,1451,1246,1392,1334,300
Prof Shui Yu,_WbktxMAAAAJ,Network Science,Security and Privacy,Big Data,Mathematical Modelling,,,,,,,,,,,,,,,,,,,,,,61,126,251,451,581,755,1049,1534,1895,2455,2921,3804,1001
Virgilio Almeida,sPKpIPwAAAAJ,Social algorithms,cyberspace and digital governance,distributed systems,network science,performance modeling,,,,,,,67,75,135,186,274,334,330,407,394,455,492,501,601,653,722,932,996,1118,1044,1044,979,925,872,904,848,910,191
Jonathan Burdette,YQttMSMAAAAJ,Brain imaging,network science,MRI,,,,,,,,,,,,,68,76,121,178,211,274,382,479,633,692,753,980,1029,1104,1189,1219,1104,1231,1068,1118,1083,1083,272
Xiang Li,q50JcT0AAAAJ,Complex dynamical networks,network science,multi-agent systems and control,,,,,,,,,,,,,,,,50,75,154,235,401,577,547,558,622,828,873,984,1029,1024,1176,1577,1658,1669,1755,489
Daniel Gauthier,tXYIYJsAAAAJ,quantum information science,nonlinear optics,network science,time-delay dyamical systems,reservoir computing,65,86,86,92,116,123,139,187,180,165,186,182,217,304,325,496,714,903,794,752,738,745,805,785,756,822,772,815,778,724,810,880,231
Jorge M. Pacheco,3YDAC58AAAAJ,complex systems,network science,computational biology,evolution of cooperation,somatic evolution of cancer,,72,57,49,47,79,59,64,62,39,66,60,69,52,67,167,389,536,758,729,953,1100,994,1098,939,920,953,939,911,1007,1119,985,312
Kwang-cheng Chen,p0DAPSYAAAAJ,Wireless Networks,Multi-Agent Systems,Quantum Communications,Cybersecurity,Network Science,,,,,,65,73,156,104,126,124,106,154,126,114,111,152,170,220,385,416,631,889,981,1060,1087,1101,1254,1310,1429,1443,1372,284
Constantine Dovrolis,sfuwsSwAAAAJ,Neuro-inspired Machine Learning,Network Science,Computational Science,,,,,,,,,,,,71,155,262,485,575,755,827,764,821,841,867,856,859,911,896,914,887,762,713,548,517,402,388,69
Katy Borner,YirSp_cAAAAJ,Network Science,Information Visualization,Scientometrics,Science Studies,Cyberinfrastructure,,,,,,,,,,,41,53,65,144,175,292,345,389,503,486,568,670,818,897,860,887,932,1051,1185,1134,1472,1552,343
Ram Ramanathan,PXwxBfcAAAAJ,Computer networks,Mobile wireless neworks,Algorithms,Network Science,,,,,,,,,51,78,106,154,305,480,689,906,903,884,924,920,923,835,764,825,693,708,549,554,490,537,437,447,381,66
Francesco Bonchi,R1Jt75cAAAAJ,AI,Data Science,Algorithms,Network Science,Data Mining,,,,,,,,,,,,,,39,89,88,131,126,215,337,510,665,843,1038,1120,1269,1245,1219,1225,1275,1236,1329,321
Rami Al-Rfou,D89tn7sAAAAJ,NLP,Machine Learning,Network Science,,,,,,,,,,,,,,,,,,,,,,,,,,,131,342,789,1293,1975,2369,2916,3723,858
Marian Boguña,oplbtjgAAAAJ,Complex networks,complex systems,statistical physics,networks,network science,,,,,,,,,,,,,59,96,174,258,323,389,420,458,569,642,774,924,932,1101,1078,1102,1058,1161,1246,1243,287
Chaoming Song,YqpNyFUAAAAJ,Statistical Physics,Complex Systems,Soft Matter,Network Science,Biophysics,,,,,,,,,,,,,,,39,68,146,218,207,389,509,679,791,996,1147,1206,1227,1318,1324,1217,1272,1171,271
Yong-Yeol Ahn,US7OSNgAAAAJ,Network science,Complex Systems,Computational Social Science,Science of Science,Computational Neuroscience,,,,,,,,,,,,,,,,,,143,260,353,537,790,846,1033,1123,1218,1207,1175,1137,1182,1326,1355,317
Michele Benzi,nckZ4QoAAAAJ,Numerical Linear Algebra,Scientific Computing,Network Science,,,,,,,,,,53,92,143,105,135,155,215,236,311,382,424,460,502,552,614,685,828,886,1009,978,1073,993,915,969,952,278
Ciro Cattuto,qOv3StkAAAAJ,data science,computational social science,network science,digital epidemiology,,,,,,,,,,,,,,,50,44,48,123,185,245,426,524,670,813,808,837,905,828,913,1019,1458,1748,1614,342
Mathieu Jacomy,m5CschQAAAAJ,science and technology studies,network science,data visualisation,graph theory,complexity,,,,,,,,,,,,,,,,,,,,,94,192,378,590,800,929,1117,1435,1420,1753,2148,2220,578
Adilson E. Motter,F5TciCcAAAAJ,Network Science,Complex Systems,Nonlinear Dynamics,,,,,,,,,,,,,,,84,95,205,375,487,643,637,571,646,681,835,747,829,936,949,963,902,924,936,981,285
Paulo R Guimarães Jr,KywW7cQAAAAJ,Ecological interactions,Ecological Networks,Coevolution,Network Science,Mutualisms,,,,,,,,,,,,,,,,,116,121,258,271,367,518,677,831,973,989,1016,1272,1303,1460,1548,1576,382
Walter Quattrociocchi,_OCIc6UAAAAJ,Data Science,Network Science,Complex Systems,Collective Dynamics,Dynamical Processes on Complex Networks,,,,,,,,,,,,,,,,,,,,,108,76,101,144,244,422,652,859,1202,2073,3153,3336,731
Tobias Kuhn,26_NNqEAAAAJ,Semantic Web,Network Science,Controlled Natural Language,Semantic Publishing,Science of Science,,,,,,,,,,,,,,,,,,54,84,105,92,129,139,193,170,287,587,903,1497,1911,2615,3385,828
Matthias Grossglauser,0PNdFHcAAAAJ,network science,machine learning,data analytics,,,,,,,,44,119,155,159,165,197,274,358,480,605,592,647,643,759,739,669,660,666,657,584,593,508,511,492,445,403,385,77
Anthony Paik,4XB29NcAAAAJ,Network science,Social demography,Organizations and markets,,,,,,,,,,,,95,135,207,204,311,452,600,536,554,603,604,601,595,705,691,699,765,693,705,701,610,598,518,131
Massimo Franceschetti,2E448xEAAAAJ,Information Theory,Control Theory,Wave Propagation,Network Science,Random Graphs,,,,,,,,,,,,,,65,165,256,350,475,575,585,699,793,808,912,914,817,883,806,812,703,702,708,128
Ching-Yung Lin,kc6wqugAAAAJ,Network Science,Big Data Analytics,Social Analytics,Cognitive Analytics,Graph Computing,,,,,,,,,,48,101,167,347,457,560,572,579,601,617,558,536,618,620,620,600,579,597,515,565,690,654,605,133
Gergely Palla,xCDcu_cAAAAJ,network science,complex networks,statistical physics,statistical mechanics,,,,,,,,,,,,,,,,70,152,291,405,592,620,794,915,956,1018,959,899,848,832,633,617,660,556,142
Aric Hagberg,ug4QQn8AAAAJ,Complex Systems,Network Science,Nonlinear Dynamics,Pattern Formation,Data Science,,,,,35,71,58,75,50,76,79,87,87,96,78,106,114,125,181,248,248,329,479,569,614,631,768,836,1001,1287,1527,1640,415
Francisco C. Santos,Kp5fFpYAAAAJ,Complex Systems,Network Science,Game Theory,Multiagent Systems,Evolutionary Dynamics,,,,,,,,,,,,,,,,83,223,290,428,459,639,775,743,794,767,726,706,753,739,892,993,933,311
Humbert G. Díaz,5lKu31YAAAAJ,Cheminformatics,Drug Discovery,Network Science,Data Analysis,Computational Nanotechnology,,,,,,,,,,,,,33,120,395,242,383,621,757,739,870,1213,858,563,769,437,638,443,520,604,611,413,89
Joshua T. Vogelstein,DWPfdT4AAAAJ,biomedical data science,connectomics,network science,natural intelligence,machine learning,,,,,,,,,,,,,,,,,,,44,73,110,170,262,345,503,593,736,1027,1365,1525,1800,1900,467
Daniel Suthers,8rEj1jIAAAAJ,CSCL,technology enhanced learning,learning analytics,social informatics,network science,,,,,,28,37,47,63,92,134,183,300,218,346,361,479,432,615,630,689,609,780,670,680,593,574,499,448,425,472,362,52
Kenji Ito,vaDPwPAAAAAJ,Network Science,,,,,89,91,109,127,126,168,192,204,167,235,250,251,276,306,364,382,363,339,360,374,388,380,471,430,490,487,434,426,440,464,442,370,85
B Kahng,N-ITb_AAAAAJ,Statistical Physics,Complex Network,Network Science,Complex Systems,,,,,,,,,31,29,30,67,104,162,241,367,482,528,498,556,529,633,653,666,730,628,572,532,544,497,468,532,454,140
Rodolfo Baggio,KBeq0gIAAAAJ,Tourism,eTourism,e-Tourism,Complex networks,Network science,,,,,,,,,,,,,,,,,30,59,92,133,251,280,396,547,624,819,708,910,917,1203,1532,1858,352
Tomaso Aste,27pUbTUAAAAJ,Complex Systems,Information Filtering,Network Science,Econophysics,Data-driven Modeling,,,,,,,,38,43,33,29,42,55,72,139,154,233,308,266,329,333,438,438,553,541,729,569,745,881,927,1127,1164,373
Linyuan Lu,5W03i0YAAAAJ,network science,random graphs,spectral graph/hypergraph theory,probabilistic methods,extremal combinatorics,,,,,,,,,,,40,121,172,231,358,426,436,488,427,388,442,559,494,599,535,546,548,601,571,581,580,584,135
Tobias Friedrich,vxfzU6IAAAAJ,Algorithm Engineering,Randomness,Artificial Intelligence,Data Science,Network Science,,,,,,,,,,,,,,,,37,57,99,181,263,290,350,492,571,645,728,767,837,916,952,1088,1131,305
Sudha Ram,cxxGur8AAAAJ,Machine Learning,Network Science,Enterprise data management,Data Provenance,and Semantic Inte,51,52,54,79,84,57,71,76,66,72,107,102,91,155,154,249,276,274,312,316,315,386,375,424,434,555,517,564,704,678,892,918,221
My T. Thai,zLLJimcAAAAJ,Explainable AI,Security and Privacy,Network Science,Optimization,,,,,,,,,,,,,,,,,49,132,176,257,317,333,447,654,567,617,703,714,721,860,916,949,961,233
Rajan Lukose,8PX-1X8AAAAJ,Quantitative Finance,Statistical Physics,Network Science,Machine Learning,,,,,,,,,51,73,104,105,182,315,374,492,481,492,429,443,519,430,460,427,459,393,460,411,443,441,419,386,357,81
Eric Kolaczyk,01ks8yYAAAAJ,Statistics,network science,signal/image processing,,,,,,,,,36,46,100,98,116,88,100,154,185,220,260,226,276,316,286,316,490,493,548,619,642,663,607,639,709,679,137
Cheng-Shang Chang,ia9Tr3cAAAAJ,Network Science,Performance Evaluation,Networking,Wireless Networks,,,29,59,139,198,221,211,256,229,206,212,243,292,337,371,430,456,377,435,381,367,357,310,267,278,306,260,343,246,325,405,416,61
"Kathleen M. Jagodnik, Ph.D.",kmhfiUgAAAAJ,Computational Biology,Bioinformatics,Network Science,Information Science,,,,,,,,,,,,,,,,,,,,,,,,,,,40,267,621,1071,1607,2122,2621,744
Tina Eliassi-Rad,TXb5Ym8AAAAJ,Data Mining,Machine Learning,Network Science,AI Ethics,,,,,,,,,,,,23,22,31,25,28,18,40,58,105,146,202,260,294,326,408,491,571,735,845,1078,1340,1524,361
Onur Varol,t8YAefAAAAAJ,Computational Social Science,Machine Learning,Complex Systems,Network Science,Science of Science,,,,,,,,,,,,,,,,,,,,,,,,26,80,184,425,839,1343,1754,1832,1884,406
James P Gleeson,JibNrYkAAAAJ,Complex networks,network science,mathematical modelling,social contagion,applied mathematics,,,,,,,,,,,,,,24,52,47,55,70,83,112,197,208,271,398,580,765,830,941,1007,885,958,957,260
Dmitri Krioukov,NuPqqNAAAAAJ,network science,complex networks,random graphs,,,,,,,,,,,,,,,,,26,88,142,197,323,346,399,380,413,462,477,628,594,740,713,819,837,846,195
Francisco A. Rodrigues,mMl8aggAAAAJ,network_science,statistical_physics,Complex_networks,complex_systems,Physics,,,,,,,,,,,,,,,,,76,162,210,222,292,329,395,409,418,557,565,734,727,908,1088,1152,273
Alex `Sandy' Pentland,P4nfoKYAAAAJ,Social Physics,Honest Signals,Computational Social Science,Network and Complexity Science,Wearable Computing,,568,649,948,1092,1534,1877,2318,2496,2738,3051,3398,3641,4025,4684,4665,4803,4821,5252,5355,5611,6207,6515,6868,6799,6957,6686,6530,6752,7063,7135,6372,1416
Bruce Kogut,EhZrLdAAAAAJ,Comparative Governance,Computational Social Science,Organizations,,,,,268,329,414,608,759,953,1088,1507,1702,2064,2546,2814,3150,3533,3956,4249,4471,4611,4635,4832,5042,4595,4462,4318,3862,3779,3503,3086,2970,2727,597
Dirk Helbing,ebrNfPAAAAAJ,computational social science,complex systems,digital democracy,statistical physics,intelligent transportation systems,,,,,,,,,210,335,406,603,786,835,928,1190,1483,1713,2244,2597,2868,3798,4363,4931,4890,5026,4981,5375,5661,5708,6246,6192,1388
Dan Jurafsky,uZg9l58AAAAJ,Natural Language Processing,Speech Recognition,Computational Linguistics,Linguistics,Computational Social Science,,,,,,,,,,,299,400,625,839,922,1171,1248,1489,1687,2181,2311,2677,2755,3058,3221,3714,4060,5229,5674,5918,6798,7244,1481
Nello Cristianini,iPJvBGYAAAAJ,Artificial Intelligence,Machine Learning,Philosophy of Artificial Intelligence,Computational Social Science,,,,,,,,,,,253,521,921,1447,1795,2547,3024,3372,3546,3944,3709,3559,3754,3595,3663,3459,3352,3069,3086,2951,2799,2659,2545,537
Jiebo Luo,CcbnBvgAAAAJ,AI,multimedia,computational social science,computational medicine,big data analytics,,,,,,,,,,,,,140,208,295,413,407,592,745,1054,1351,1593,1806,1849,2071,2164,2566,2771,3669,4649,6245,7167,1864
Lillian Lee,oJESe-cAAAAJ,all pubs hand-verified to be actually mine,natural language processing,computational linguistics,computational social science,,,,,,,,,,,,135,192,188,307,459,554,681,894,1135,1597,1786,2221,2590,2969,3287,3603,3428,3608,3463,3069,2871,2436,492
Noah A. Smith,TjdFs3EAAAAJ,natural language processing,machine learning,computational social science,,,,,,,,,,,,,,,,,111,138,153,187,249,495,776,1058,1446,1712,2218,2905,2878,3202,3556,4650,5889,6882,1341
Lyle Ungar,KCiDjbkAAAAJ,machine learning,computational linguistics,computational social science,,,,117,103,125,157,178,149,178,212,265,381,547,617,686,730,876,915,899,1033,1152,1315,1353,1460,1712,1871,2026,2339,2602,2822,3384,3723,3886,1049
Rada Mihalcea,UetM7FgAAAAJ,Natural Language Processing,Computational Social Science,Multimodal Interaction,,,,,,,,,,,,,126,184,257,300,306,558,591,762,905,1198,1224,1477,1779,1886,1930,2263,2227,2618,2863,3217,3754,4127,865
Kosuke Imai,0QY34cMAAAAJ,applied statistics,causal inference,computational social science,quantitative social science,political methodology,,,,,,,,,,,,,,,,91,171,312,441,565,702,871,1071,1406,1762,1860,2364,3034,3404,4076,4997,5533,1533
Jens Hainmueller,S-8-QyIAAAAJ,Statistics,Causal Inference,Computational Social Science,Survey Methods,Immigration,,,,,,,,,,,,,,,,,,,140,181,261,374,607,787,1238,1454,2022,2659,3090,4019,4855,5805,1519
Dhavan Shah,9_GqLnwAAAAJ,Political Communication,Health Communication,Online Communities,Political Behavior,Computational Social Science,,,,,,,,,66,68,131,149,178,297,368,439,504,698,871,831,966,1040,1211,1392,1464,1493,1720,1695,1766,1780,2009,2006,367
Janos Kertesz,KVaEpnkAAAAJ,complex networks,econophysics,computational social science,,,185,168,165,155,176,167,118,182,135,152,152,177,175,252,297,349,477,526,622,727,897,1131,1351,1436,1508,1639,1489,1504,1493,1388,1647,1577,388
Kimmo Kaski,Cpay6fYAAAAJ,Computational Science,Statistical Physics,Complex Systems & Networks,Computational Social Science,Data Science & AI,97,104,100,133,111,119,142,130,115,167,144,128,148,251,329,325,562,567,749,890,994,1220,1448,1439,1411,1492,1466,1457,1446,1398,1579,1457,400
Michael Macy,7OW6weoAAAAJ,computational social science,social networks,political polarization,social influence,,,,,,,68,71,74,95,109,132,161,183,225,280,268,341,367,444,559,738,938,1076,1270,1447,1416,1470,1565,1712,2058,2122,1991,488
Timothy Baldwin,wjBD1dkAAAAJ,computational linguistics,natural language processing,artificial intelligence,computational social science,,,,,,,,,,,,,,70,92,141,201,220,235,269,404,405,600,827,1133,1127,1548,1759,1980,2096,2229,2259,2322,418
Meeyoung Cha,iFlnVCoAAAAJ,Applied Data Mining,Online Social Networks,Misinformation,Computational Social Science,Human Computing,,,,,,,,,,,,,,,,,,103,255,470,768,1161,1347,1640,1649,1728,1604,1615,1553,1522,1643,1673,334
Antonio Scala,ycmKlR8AAAAJ,Statistical Mechanics,Complex Networks,Critical Infrastructures,Computational Social Science,Network Physiology,,,,,,,,,,71,161,358,324,311,375,388,388,375,412,346,351,360,411,466,487,692,907,1123,1363,2158,3131,2963,601
Yong Li,kmgzPeQAAAAJ,Human Mobility,Urban Science,Computational Social Science,,,,,,,,,,,,,,,,,,,,,,,,129,211,276,586,1136,1459,1944,2500,2623,2829,3465,943
Haewoon Kwak,dcjrz5MAAAAJ,computational social science,complex systems,computational journalism,social computing,game analytics,,,,,,,,,,,,,,,,,,121,240,440,810,1208,1368,1572,1610,1645,1545,1500,1388,1463,1431,1159,212
Adam Joinson,zXZxIHEAAAAJ,privacy,social media,cyber security,computational social science,cyberpsychology,,,,,,,,,,,,82,113,137,168,200,366,407,502,603,842,947,1126,1146,1218,1310,1266,1319,1347,1439,1374,1473,267
Jesus Gomez-Gardeñes,M9cpyEIAAAAJ,Statistical Physics,Network Theory,Computational Social Science,Synchronization,Infectious Disease Modeling,,,,,,,,,,,,,,,,85,123,188,341,348,472,612,796,1014,1236,1383,1379,1460,1391,1577,1715,1598,464
Hanna Wallach,OcPVegoAAAAJ,Fairness,Interpretability,Computational Social Science,Machine Learning,Natural Language Processing,,,,,,,,,,,,,,,,41,62,81,139,222,279,366,416,525,580,697,749,876,1314,1945,2941,3826,895
Ulf-Dietrich Reips,3DJ1MJMAAAAJ,Research Methods,Computational Social Science,Internet Research,Internet Science,Experimental Psychology,,,,,,,,,,64,116,136,168,262,306,284,417,477,478,617,664,683,776,946,1047,1108,1099,1045,1121,1123,1221,1110,287
Munmun De Choudhury,Z9Pfp6UAAAAJ,Computational Social Science,Social Computing,Mental Health,Language,,,,,,,,,,,,,,,,,,,,,71,132,225,335,428,600,797,1110,1256,1758,2077,2526,2736,698
Owen Rambow,AWNL69MAAAAJ,Natural Language Processing,Computational Linguistics,Computational Social Science,,,,,,55,48,59,81,107,105,134,158,187,167,250,237,282,328,296,322,471,422,570,673,968,912,1106,1021,1161,1135,1127,998,906,133
Iyad Rahwan,yKCX2IUAAAAJ,Computational Social Science,Artificial Intelligence,Machine Behavior,Cooperation,Psychology of Technology,,,,,,,,,,,,,,50,119,150,215,248,295,392,385,388,490,467,370,534,629,893,1417,1762,2289,2278,540
Peter Hedström,0GSbsgsAAAAJ,Analytical sociology,computational social science,social networks,segregation processes,philosophy of social science,,,,,,,,43,71,77,141,149,181,219,250,330,374,444,475,591,677,722,795,922,923,968,892,835,948,815,903,705,193
Swapnil Mishra,RqbpaXcAAAAJ,Bayesian Inference,Point Processes,Infectious Diseases Epidemiology,Computational Social Science,COVID-19,,,,,,,,,,,,,,,,,,,,,,,,,,,35,42,84,2328,5559,4925,807
David Jensen,cjkgjggAAAAJ,Machine Learning,Causation,Causal Discovery,Statistical Relational Learning,Computational Social Science,,,,,,,,34,65,89,82,120,195,162,312,358,510,528,668,830,844,941,823,999,856,887,717,678,681,634,636,601,133
Jacob Eisenstein,Wb_lnjAAAAAJ,Computational linguistics,natural language processing,computational social science,computational sociolinguistics,,,,,,,,,,,,46,77,122,156,140,159,172,167,159,179,256,330,501,577,720,925,993,1064,1107,1278,1518,1780,349
Dylan Walker,Zxl8XVMAAAAJ,Computational Social Science,Complex Networks,Social Networks,Social Influence,Word of Mouth,,,,,,,,,,,,,,,,,130,396,723,689,1019,919,994,1141,933,1091,974,904,780,671,631,643,140
Ingmar Weber,3YDUbP0AAAAJ,Computational Social Science,Digital Demography,Data for Development,Societal Computing,Web Science,,,,,,,,,,,,,,,,,39,57,118,154,172,211,274,401,499,656,819,1097,1470,1817,2045,2142,375
Sharad Goel,Vv8UdowAAAAJ,computational social science,applied statistics,applied mathematics,public policy,inequality,,,,,,,,,,,,,,,,,,,46,96,175,243,286,401,491,552,787,1033,1388,1635,2063,2270,482
Brendan O'Connor,V4LXxrQAAAAJ,Natural Language Processing,Computational Social Science,,,,,,,,,,,,,,,,,,,,,,68,211,365,553,839,964,1145,1216,1159,1114,951,920,929,910,167
Licia Capra,iwzlsmUAAAAJ,Computational social science,urban informatics,pervasive computing,,,,,,,,,,,,,30,73,162,191,257,268,248,343,345,406,376,500,572,576,693,806,927,897,941,858,800,635,129
Scott Counts,koPRb8UAAAAJ,Computational Social Science,Data Science,Psychology,,,,,,,,,,,,,,,34,62,69,69,97,123,156,197,240,378,596,735,850,907,959,867,1004,1063,1029,957,174
Jake Hofman,eYg0_cEAAAAJ,Computational Social Science,Machine Learning,,,,,,,,,,,,,,,,,,,,53,117,133,205,346,573,702,825,798,869,857,878,900,914,1054,1013,232
Diyi Yang,j9jhYqQAAAAJ,Computational Social Science,Natural Language Processing,Machine Learning,,,,,,,,,,,,,,,,,,,,,,,,,,110,217,360,577,1022,1438,1651,1950,2389,570
Jose Emmanuel Ramirez-Marquez,n7oc89AAAAAJ,Resilience Engineering,Urban Informatics,Computational Social Science,,,,,,,,,,,,,,,,,,40,92,121,284,307,336,386,442,429,485,583,752,870,1106,1116,1261,1196,325
Matthew J. Salganik,D5Ty-jAAAAAJ,Social Networks,Computational Social Science,Quantitative Methods,,,,,,,,,,,,,,,,,,70,140,192,237,326,399,566,551,665,642,709,664,758,790,832,1072,1071,291
Daniel Houser,Dy_XT9UAAAAJ,Behavioral Economics,Behavioral Finance,Computational Social Science,Political Economy,,,,,,,,,,,,28,52,116,173,211,233,304,301,349,427,481,569,540,580,740,694,618,632,716,605,667,611,139
Brandon M. Stewart,miPgny8AAAAJ,Computational Social Science,Applied Statistics,Machine Learning,Text as Data,Causal Inference,,,,,,,,,,,,,,,,,,,,,,,77,178,329,518,636,849,1120,1465,1731,2290,479
Bennett Kleinberg,Ms2d7OsAAAAJ,Computational Social Science,Data Science,NLP,Behavioural Science,,,,,,,,,,,,,,,,,,,,,,,,,,80,640,937,1181,1339,1399,1636,1652,415
Emre Kıcıman,QZCU3NkAAAAJ,causal inference,ai and society,social media,computational social science,distributed systems,,,,,,,,,,,52,90,166,221,237,243,314,320,333,363,283,279,333,366,385,501,533,585,624,748,849,896,203
Simone Paolo Ponzetto,VmIFG0EAAAAJ,Artificial Intelligence,Natural Language Processing,Computational Social Science,,,,,,,,,,,,,,,,,,,92,166,207,316,327,468,584,547,629,691,717,921,829,780,746,775,133
Jesse Hoey,YcBGOtQAAAAJ,Artificial Intelligence,Affective Computing,Computational Social Science,Markov Decision Processes,Affect Control Theory,,,,,,,,,,23,27,37,67,67,108,113,144,173,194,276,356,370,450,463,574,593,666,711,778,815,783,822,167
Pablo Barberá,jGLKJUoAAAAJ,Social Media,Political Behavior,Computational Social Science,Political Communication,Political Methodology,,,,,,,,,,,,,,,,,,,,,,,25,84,204,344,533,814,963,1327,1770,2034,491
Moira Burke,m1wGy3gAAAAJ,Human-Computer Interaction,Social Computing,Computational Social Science,,,,,,,,,,,,,,,,,,,21,30,63,122,207,277,380,535,671,700,803,798,832,875,963,914,188
Soroush Vosoughi,45DAXkwAAAAJ,Natural Language Processing,Machine Learning,Computational Social Science,Graph Representation Learning,Social Networks,,,,,,,,,,,,,,,,,,,,,,,,22,21,65,115,488,1059,1575,2013,2417,504
Martin Hilbert,qgcZZ0EAAAAJ,Complex Systems,Communication,Computational Social Science,Information Theory,ICT4D,,,,,,,,,,,,,25,28,41,30,28,38,72,104,148,285,413,506,622,701,730,754,832,900,894,873,176
Andrew Thomas Crooks,RDQF0ScAAAAJ,Agent-based modeling,GIscience,Urban Geography,Computational Social Science,Geocomputation,,,,,,,,,,,,,,,,,,31,69,139,173,252,302,475,594,639,658,808,775,949,1058,1066,257
Daniele Quercia,nPyDLd0AAAAJ,Computational Social Science,Urban Computing,Happy Cities,,,,,,,,,,,,,,,,,,,34,59,60,78,127,215,361,477,607,736,844,813,883,848,898,837,156
Deen Freelon,EjVT0LAAAAAJ,political communication,open source,identity politics,computational social science,social media,,,,,,,,,,,,,,,,,,,,,53,165,283,442,531,575,681,783,723,882,1175,1326,309
Johannes C. Eichstaedt,-mNEhD0AAAAJ,Computational Social Science,Digital Well-Being,Digital Public Health,Digital Mental Health,,,,,,,,,,,,,,,,,,,,,,,,,122,255,472,630,814,997,1337,1396,1468,415
Bruno Lepri,JfcopG0AAAAJ,Computational Social Science,Machine Learning,Network Science,Ubiquitous Computing,,,,,,,,,,,,,,,,,,,,35,85,114,128,172,201,290,452,499,623,793,1049,1407,1476,347
Kuan-Ta Chen,mgva3UgAAAAJ,Quality of Experience,Multimedia Systems,Crowdsourcing,Computational Social Science,,,,,,,,,,,,,,,,,32,86,115,198,269,397,398,442,584,606,596,696,513,589,644,613,569,108
Ryan L. Boyd,dfQrLLUAAAAJ,computational social science,text analysis,social/personality psychology,behavior,emotion,,,,,,,,,,,,,,,,,,,,,,,,162,218,296,507,629,846,1102,1345,1609,430
Chris Danforth,huQnquIAAAAJ,Applied Mathematics,Computational Social Science,Nonlinear Dynamics,,,,,,,,,,,,,,,,,,,,19,26,41,85,132,190,293,421,493,630,692,804,935,1134,1054,256
Yves-Alexandre de Montjoye,LVJtdoEAAAAJ,Computational Privacy,Anonymization,Attacks on privacy-preserving systems and …,Computational Social Science,Complex,,,,,,,,,,,,,,,,,,,,26,69,111,174,290,444,521,599,681,782,1085,1114,1069,220
Dashun Wang,uQJAkBoAAAAJ,Science of Science,Computational Social Science,Network Science,Big Data,Complex Systems,,,,,,,,,,,,,,,,,,,,,,87,124,239,301,340,422,564,786,934,1441,1530,422
Manuel Cebrian,ZkBTPkUAAAAJ,Computational Social Science,Network Science,Crowdsourcing,,,,,,,,,,,,,,,,,,,21,32,40,74,101,183,285,331,379,466,450,501,688,960,1201,1132,276
Markus Strohmaier,j_pL_PQAAAAJ,Computational Social Science,Computational Social Systems,Social Data Science,,,,,,,,,,,,,,,,,,,38,54,91,137,221,225,274,324,409,493,525,615,636,747,948,1054,210
Jordi Duch,NhIWpa8AAAAJ,Complex Networks,Data Analysis,Computer Security,P2P systems,Computational Social Science,,,,,,,,,,,,,,,,55,156,232,285,330,386,416,464,505,519,537,505,538,511,505,490,455,127
Andreas Flache,dt9jPJ0AAAAJ,Sociology,Computational Social Science,Social Simulation,Social Networks,Interethnic Relations,,,,,,,,23,36,45,59,67,60,76,83,110,152,141,158,183,177,187,253,326,373,395,508,567,586,673,715,730,179
Rainer Hegselmann,mAcmGtcAAAAJ,philosophy,simulation,computational social science,opinion dynamics,social epistemology,,,23,16,13,45,23,56,63,117,95,117,112,118,120,138,211,182,212,235,229,249,314,386,342,478,430,383,415,465,518,501,129
Alessandro Bessi,47xtEeEAAAAJ,Computational Social Science,Applied Statistics,,,,,,,,,,,,,,,,,,,,,,,,,,,,54,182,460,730,988,1256,1479,1295,267
Esteban Moro,sjaZfDIAAAAJ,Computational social science,Network Science,complex systems,financial markets,social networks,,,,,,,,,,,27,22,43,61,61,57,56,65,62,67,108,193,317,320,389,458,453,467,541,771,979,957,233
Daniel Romero,c4M3MQoAAAAJ,Social networks,Computational Social Science,Complex Systems,Social Media,Network Science,,,,,,,,,,,,,,,,,,,47,197,338,518,583,672,645,633,555,506,485,443,453,463,90
Klaus G. Troitzsch,iIX2zSkAAAAJ,Computational Social Science,,,,,,,18,15,20,33,25,24,56,68,47,61,65,188,222,238,302,282,321,363,343,362,406,350,348,352,334,282,297,234,255,190,51
Xiangjie Kong (孔祥杰),Z0dStKsAAAAJ,Urban Computing,Computational Social Science,Human Behavior,,,,,,,,,,,,,,,,,,,,,,,30,38,56,55,90,102,210,562,931,1141,1407,1482,432
Sophie Lohmann,XzwVQkIAAAAJ,social psychology,computational social science,behavior change,self-regulation,sustainability,,,,,,,,,,,,,,,21,62,103,145,177,217,270,261,317,332,378,408,440,488,553,603,719,706,163
Arjun Mukherjee,wUNpA_sAAAAJ,Computational Social Science,Data Mining,Natural Language Processing,Sentiment Analysis,Web Mining,,,,,,,,,,,,,,,,,,,,,18,66,199,308,441,612,711,789,834,748,697,635,144
Bryan Routledge,s4lSPMwAAAAJ,finance,asset pricing,computational social science,commodities,,,,,,,,,,,,28,39,42,54,98,86,100,114,116,158,248,339,422,453,497,517,505,478,416,375,405,442,100
Stefania Milan,85pB3YoAAAAJ,critical data studies,digital sociology,computational social science,big data epistemologies and methods,,,,,,,,,,,20,20,23,37,57,48,70,83,81,110,105,130,178,201,223,313,384,404,472,575,661,833,764,147
Cristian Danescu-Niculescu-Mizil,njczUPMAAAAJ,computational social science,social computing,computational linguistics,natural language processing,,,,,,,,,,,,,,,,,,,,,31,58,99,145,259,277,462,581,685,790,764,926,822,135
Eunil Park,RILiQ3gAAAAJ,Data Science,Data Psychology,Computational Social Science,User eXperience,,,,,,,,,,,,,,,,,,,,,,,25,50,122,199,369,348,494,586,821,1131,1498,367
Tobias Preis,lbJzOmEAAAAJ,Computational Social Science,Data Science,Machine Learning,Artificial Intelligence,Forecasting,,,,,,,,,,,,,,,,,,,37,111,147,225,324,442,565,649,570,538,545,600,585,513,100
Esteve Almirall,BJKIs8UAAAAJ,Open & Digital Innovation,Smart Cities,Complexity,AI & Data Science,Computational Social Science,,,,,,,,,,,,,,,,,,,16,58,76,137,175,249,275,378,577,634,741,772,825,778,185
yu-ru lin,9EeqDSEAAAAJ,social media,social networks,computational social science,,,,,,,,,,,,,,,,,,,38,65,99,161,201,248,290,340,422,521,507,570,557,578,514,533,124
Maarten Sap,gFN4QUYAAAAJ,Natural Language Processing,Artificial Intelligence,Commonsense Reasoning,Ethics in AI,Computational Social Science,,,,,,,,,,,,,,,,,,,,,,,,,56,160,218,318,470,904,1392,1893,401
Jon Kleinberg,VX7d5EQAAAAJ,algorithms,data mining,information networks,social networks,Web mining,,,,,,,,,337,496,822,1251,1556,1980,2262,2571,2903,3092,3643,4465,5199,6247,6748,7288,7435,7621,7387,7369,7604,7679,8027,8221,1833
ronald s. burt,YmoiCIcAAAAJ,sociology,behavioral science,social networks,management,,,,308,331,336,475,528,633,843,1113,1211,1450,2074,2435,2770,3291,3751,4480,4767,5510,5631,6034,6480,6800,6720,6768,6465,6183,6081,5658,5783,5413,1236
Stephen P. Borgatti,hlk4a4gAAAAJ,Social networks,knowledge,computational models,,,,,,,,,,,,,309,364,550,690,1148,1485,1835,2176,2470,3084,3436,4006,4410,5101,5577,5854,5677,5929,5749,5958,5853,5732,1241
Barry Wellman,_q2NODAAAAAJ,social networks,internet and society,mobile phones and society,,,,251,249,245,291,449,444,523,688,940,1225,1586,1691,1987,2301,2532,2850,2953,3160,3602,3804,4385,4520,4721,4430,4598,3994,3963,3620,3275,3403,2913,499
Hanghang Tong,RaINcuUAAAAJ,Large Scale Data Mining,Graph Mining,Social Networks,Healthcare,Multimedia,,,,,,,,,,,205,562,829,1078,1497,1628,1774,2043,2494,2804,3006,3387,3682,4205,4515,4780,5084,5206,5243,5266,5191,5359,1143
Linton C Freeman,quiVMg8AAAAJ,social networks,,,,,,,210,163,151,218,223,329,323,322,416,476,615,719,1082,1256,1604,1925,2253,2619,3011,3262,3739,3971,4114,4289,4058,4236,4016,4009,3939,3848,845
Nan Lin,HpqAmUcAAAAJ,sociology,economic sociology,social networks,social capital,china,269,241,242,243,328,342,376,349,414,495,575,695,907,1100,1257,1595,1753,2022,2124,2348,2750,3047,3349,3399,3344,3264,3184,3287,3180,3094,2980,2884,564
Steve Brown,_DUpMCoAAAAJ,social networks,electric vehicles,internet of things,mobile computing,telemedicine,,,,,,,,,,,201,391,515,548,744,862,1456,1406,1792,3802,5741,5035,5437,5487,3878,3230,3663,2699,2754,2845,2549,2810,347
James H. Fowler,zPXbwJgAAAAJ,social networks,evolution,politics,genetics,big data,,,,,,,,,,,,,,,,,196,504,1003,1612,2241,2715,3385,3869,4240,4138,4399,4416,4265,5180,6156,5640,1162
Tom Snijders,xqefLxQAAAAJ,Statistics,social networks,multilevel analysis,sociology,,,,,,,,,,,160,295,422,610,809,912,1083,1416,1658,1924,2304,2729,2842,3312,3557,3769,3798,3643,3611,3754,3686,3581,3761,848
Raghu Ramakrishnan,udZSrkYAAAAJ,Database systems,data mining,information extraction,ranking/recommendation,social networks,342,310,375,423,497,415,451,439,501,592,784,978,1109,1200,1591,1606,1881,1966,2267,2318,2350,2611,2764,2981,3164,3075,2978,2924,2856,2675,2445,2313,516
Edward Laumann,DaEKdCkAAAAJ,social networks,sexuality,organizational analysis,social stratification,political sociology,176,244,267,209,251,286,327,406,633,806,921,1001,1094,1340,1505,1753,1860,1937,2140,2179,2172,2285,2654,2567,2587,2735,2619,2624,2550,2350,2395,2114,479
Gerald Davis,UJ4yRzYAAAAJ,Finance and society,organization theory,corporate governance,globalization,social networks,142,157,249,234,303,385,396,414,490,548,649,679,874,940,1022,1144,1320,1631,1591,1864,1950,2090,2141,2004,2326,2379,2476,2440,2379,2240,2234,2190,499
Krishna P. Gummadi,Bz3APTsAAAAJ,Distributed Systems,Networking,Social Networks,Information Retrieval,Security and Privacy,,,,,,,,,,,,132,365,709,880,903,876,1034,1181,1505,1701,2209,2364,2526,2427,2445,2260,2191,2439,2598,2797,3092,575
Thomas A. Glass,ODKEqTsAAAAJ,social epidemiology,aging,stroke,social networks,neighborhoods,,,,,,,,,102,206,263,398,582,707,887,998,1218,1351,1495,1551,1864,1914,2087,2088,2264,2348,2316,2319,2361,2205,2078,2100,443
David Easley,ZKeyKNgAAAAJ,Economic Theory,Market Microstructure,Social Networks,Decision Theory,,90,114,130,128,165,148,214,251,281,352,404,484,668,679,853,955,1027,1098,1230,1342,1548,1844,2088,2174,2292,2293,2062,2157,1989,1959,1933,1965,483
Daniel J Brass,mH6QoFoAAAAJ,social networks,,,,,,,,113,109,147,159,237,216,301,322,351,491,544,605,853,989,1065,1219,1528,1654,1838,1929,2213,2295,2226,2193,2186,2255,2122,2103,2032,490
Alessandro Acquisti,2XCryp4AAAAJ,privacy,economics,behavioral economics,social networks,social media,,,,,,,,,,,,,,157,157,240,331,487,708,843,1062,1376,1587,1842,2171,2451,2625,3000,2966,3614,3932,4271,861
Francesco Bullo,stCtR0QAAAAJ,Systems and Control,Multi-Agent Systems,Robotic Networks,Power Systems,Social Networks,,,,,,,,,,,,161,225,228,336,429,698,799,1011,1077,1361,1550,1746,1869,2260,2508,2592,2935,3010,3219,2960,2941,674
Martin G Everett,FkDw1XcAAAAJ,Social networks,Graph theory,,,,,,,,,99,139,176,156,190,201,200,301,356,569,629,807,946,1037,1255,1333,1562,1674,1953,2187,2316,2238,2391,2323,2381,2303,2228,505
Karen Cook,0LkVRfUAAAAJ,social psychology,social exchange,social networks,trust,,193,229,268,220,275,299,344,311,344,401,491,477,595,532,673,777,832,899,1004,1049,1178,1330,1462,1568,1608,1716,1789,1817,1878,1956,2019,2111,458
David Krackhardt,bvG0NJkAAAAJ,Social Networks,Organizational Behavior,,,,,,,94,122,147,154,275,332,313,356,496,707,671,758,903,1031,1230,1252,1485,1644,1775,1832,1894,1880,1750,1773,1658,1707,1643,1498,1483,361
Anne Rogers,bvwR0G8AAAAJ,Sociology of mental health & Illness,social networks,,,,,,,,,91,71,149,146,199,256,354,330,391,476,571,712,745,963,842,1005,1183,1600,1860,2150,2127,2465,2376,2373,2512,2366,2195,462
Jaideep Srivastava,Y4J5SOwAAAAJ,Data Mining,Social Computing,Social Networks,Web Mining,Digital Health,,,,78,85,119,135,121,244,329,455,750,908,1122,1211,1275,1215,1249,1368,1443,1458,1541,1582,1670,1601,1520,1444,1392,1336,1229,1338,1254,223
Carl Latkin,2Kx7_LIAAAAJ,public health,social networks,HIV,Drugs,mental health,,,,,,,,81,102,128,124,141,205,233,408,427,571,572,708,831,944,1062,1412,1258,1399,1431,1688,1604,1886,3149,3926,4352,1017
David Knoke,LwL0m2IAAAAJ,Social networks,organizations,political sociology,economic sociology,terrorism,290,333,353,340,350,482,523,567,648,702,805,761,860,878,856,1019,937,948,1097,1111,1176,1277,1377,1375,1273,1239,1158,1119,1086,952,906,833,176
Gautam Ahuja,AFT1UEYAAAAJ,alliances,acquisitions,innovation,social networks,business strategy,,,,,,,,,,,100,174,246,337,443,612,749,937,1042,1227,1389,1657,1923,1940,2031,2100,2025,2024,1974,1890,1993,1874,450
Tang Jie,n1zDCkQAAAAJ,Artificial Intelligence,Social Networks,Data Mining,Machine Learning,Knowledge Graph,,,,,,,,,,,,,,,,,86,150,256,397,567,875,1101,1462,1661,1959,1820,2032,2297,2622,3662,5287,1406
Bill McEvily,lzOin3YAAAAJ,social networks,trust,organizational theory,,,,,,,,,,,,,97,146,228,335,456,727,823,1059,1227,1368,1519,1733,1889,1903,1913,1869,1713,1722,1728,1457,1508,1406,324
James Westphal,yDegdG0AAAAJ,Strategy,Organization Theory,Corporate Governance,Institutional Processes,Social Networks,,,,,,,,107,121,181,240,249,400,465,551,699,760,1013,935,1142,1250,1370,1423,1562,1628,1782,1678,1845,1647,1592,1618,1744,460
Sebastiano Vigna,WL8DH4YAAAAJ,Web,Social Networks,Graph Theory,Algorithms,Information Retrieval,,,,,,,,,,,,,,,76,139,192,237,246,358,370,512,599,740,775,813,798,682,771,2901,5997,7628,2351
Eitan Muller,N6ddP5cAAAAJ,Marketing,Diffusion of Innovations,Social Networks,,,86,107,135,161,186,236,196,267,265,332,338,421,522,599,612,727,780,942,1091,1087,1276,1373,1353,1511,1327,1487,1384,1247,1226,1223,1109,1160,239
VS Subrahmanian,PLt9wB8AAAAJ,Artificial Intelligence,Databases,Social Networks,Behavior Analytics,Forecasting,,115,149,250,296,335,544,640,652,783,739,781,736,848,913,814,957,841,894,909,1013,910,1092,1056,926,947,965,1072,1100,1239,1188,1129,268
Rob Cross,VcOD5ccAAAAJ,management,collaboration,social networks,,,,,,,,,,,,,,81,178,296,473,721,920,1093,1112,1362,1507,1583,1650,1751,1582,1697,1595,1587,1452,1387,1336,1262,275
Bernice Pescosolido,ed_IEl4AAAAJ,medical sociology,mental illness,social networks,stigma,suicide,,,,,,,66,76,150,164,241,298,301,402,448,458,565,616,634,839,968,983,1194,1230,1281,1515,1408,1500,1641,1873,2127,2455,561
Anne-Marie Kermarrec,aIAy-qcAAAAJ,Distributed systems,social networks,gossip protocols,,,,,,,,,,,,,,190,470,860,1204,1358,1522,1611,1715,1693,1512,1384,1393,1163,1102,1086,1001,925,727,604,581,566,164
Philippa (Pip) Pattison,iLWP_LEAAAAJ,mathematical social sciences,social networks,higher education,psychology,,,,,,64,69,72,82,117,115,138,195,259,348,342,452,621,785,813,935,1078,1153,1306,1415,1540,1515,1501,1423,1499,1591,1567,1467,367
Mario Diani,IqQTCXEAAAAJ,Social Movements,Collective Action,Social Networks,,,,,,,,,72,85,119,164,219,272,344,471,448,492,599,762,823,930,1091,1081,1200,1327,1534,1580,1478,1497,1513,1498,1345,1365,248
Mark S. Handcock,392xmm8AAAAJ,Statistics,demography,social networks,environmetrics,epidemiology,,,,,,,82,108,126,123,157,160,187,224,297,434,552,653,711,839,1050,1030,1232,1243,1439,1489,1503,1613,1530,1755,1760,1762,452
Tony Jebara,Dn_qYK8AAAAJ,Machine Learning,Personalization,Social Networks,Vision,,,,,,,,,,85,112,134,193,193,250,382,327,388,631,842,963,1125,1312,1471,1603,1692,1553,1522,1505,1518,1543,1515,1366,278
Caroline Haythornthwaite,lok_1lcAAAAJ,Social Media,Online learning,Social Networks,Virtual Communities,Internet Research,,,,,,,,,99,148,251,347,377,538,695,752,823,902,985,1208,1245,1371,1430,1504,1398,1458,1242,1133,1165,1042,1024,873,138
Soumen Chakrabarti,LfF2zfQAAAAJ,Web search,Web mining,social networks,machine learning,,,,,,,55,73,105,206,318,443,652,819,954,1022,1146,1079,1149,1235,1214,1168,1164,1130,1097,962,938,757,722,684,641,706,781,176
Alan Mislove,oAqKi9MAAAAJ,Computer systems,Social networks,Networking,Measurement,,,,,,,,,,,,,,,,53,92,107,237,362,639,806,1215,1196,1433,1475,1634,1546,1668,1838,1985,2148,2112,436
Martin Kilduff,ln55UW4AAAAJ,Social Networks,network agency,Networks and personality,organization theory,organizational behavior,,,,,,,,72,69,127,166,183,271,279,311,470,535,646,650,918,945,1024,1006,1215,1244,1218,1312,1271,1396,1282,1268,1323,329
William B. Hansen,WgpNLPUAAAAJ,Prevention,Evaluation,Social Networks,,,256,280,424,408,415,612,584,579,610,696,582,688,720,687,579,684,574,592,689,632,548,694,796,790,673,662,551,522,515,512,509,437,84
Garry Robins,25_H0_wAAAAJ,Social networks,statistical models,,,,,,,,,,,,,,,,,104,95,159,301,392,454,594,810,819,1032,1198,1453,1557,1564,1474,1684,1817,1689,1718,422
Illés Farkas,RXKHG-4AAAAJ,Biological networks,Collective motion,Social networks,Statistical physics,,,,,,,,,,,,,93,176,199,313,409,526,680,891,927,1111,1301,1393,1533,1448,1394,1216,1212,1094,975,1039,895,192
Wynne HSU,ljyBjv8AAAAJ,Data Mining,Social Networks,Medical Imaging,,,,,,,,,,63,100,173,232,267,407,518,726,836,722,775,877,866,820,967,940,952,844,773,745,851,1014,1132,1276,1364,353
Igor L. Markov,CHIZtZAAAAAJ,Artificial Intelligence,Social Networks,Quantum Computing,Electronic Design Automation,Algorithms,,,,,,,,,,89,94,122,297,442,638,737,736,881,759,791,771,803,1015,1016,925,920,966,1039,991,1123,1123,1329,283
Alexander C. Tsai,UsNIGh8AAAAJ,stigma,HIV,discrimination,disparities,social networks,,,,,,,,,,,,,,,,60,79,108,116,147,230,286,494,661,955,1079,1379,1347,1661,2078,2955,3107,727
Kristina Lerman,Cz6vH68AAAAJ,Social Networks,Data Science,Crowdsourcing,Social Computing,Machine Learning,,,,,,,,,,,,113,177,197,268,301,329,377,436,521,583,663,671,799,846,939,867,927,1064,1586,2281,2850,659
Arvind Rangaswamy,wMFgEAQAAAAJ,digital marketing,social networks,marketing analytics,,,,,58,44,55,51,50,58,83,114,152,257,290,376,429,459,546,599,661,669,714,818,979,1027,1087,1116,1178,1043,1071,1016,1066,992,199
Marc Smith,9Usm_wIAAAAJ,Social Media,Social Networks,Information Visualization,Diffusion of information,Collective Action,,,,,,,,,90,191,239,333,431,454,511,509,511,578,683,747,797,890,963,1030,1039,1117,1072,1009,998,904,942,914,168
A. James O'Malley,1jlowocAAAAJ,Statistics,biostatistics,social networks,,,,,,,,,,,,,,,,,54,102,209,381,476,593,681,729,885,956,1054,1175,1249,1458,1535,1628,1796,1859,455
Hans Akkermans,tRT8oQYAAAAJ,ICT4Development,Knowledge Engineering and Management,Social Networks,Networked Business Modelling,,,100,83,144,123,181,173,247,239,307,315,392,543,683,786,858,862,985,913,912,880,904,904,828,753,742,743,545,520,465,379,350,56
Jennifer Golbeck,WBOnL7sAAAAJ,social networks,social media,trust,recommender systems,,,,,,,,,,,,,,,158,207,350,436,600,669,808,987,1058,1186,1312,1192,1334,1111,1105,1154,1146,1075,989,169
René Veenstra,_9OVrqMAAAAJ,sociology,adolescence,social networks,bullying,peer relations,,,,,,,,,,,,,,,,103,142,210,289,430,463,714,805,982,1227,1191,1377,1459,1459,1772,1821,1994,506
Mark Mizruchi,hJhIOPgAAAAJ,economic sociology,organizational sociology,political sociology,social networks,,147,170,167,184,181,219,221,205,221,262,244,293,377,397,434,503,511,596,642,747,750,793,827,847,916,932,835,756,796,668,679,605,155
Jonathan L. Johnson,makukYAAAAAJ,management,organization theory,corporate governance,social networks,sustainability,,,,,,,,,78,115,141,190,260,308,354,392,492,594,634,709,742,843,882,965,1055,1064,1084,1151,1129,1103,1070,1117,257
Gerd Stumme,PqIX0TwAAAAJ,World Wide Web,Social Networks,Knowledge Discovery,Information Retrieval,Formal Concept Analysis,,,,,,,,,,73,100,248,280,486,499,633,718,944,1175,1338,1315,1265,1175,1135,977,873,787,659,672,458,431,317,63
David Obstfeld,RS6jHg8AAAAJ,social networks,knowledge,innovation,entrepreneurship,,,,,,,,,,,,,,,78,115,201,262,388,511,566,693,761,928,1108,1168,1229,1249,1329,1317,1355,1456,1469,312
Phillip Bonacich,po6C1mwAAAAJ,Social Networks,Mathematical Models in Sociology,,,,,42,63,51,55,80,90,86,93,105,128,129,194,193,239,362,306,400,496,528,626,763,841,978,1055,1135,1069,1106,1148,1181,1218,1107,274
Stefano Breschi,E9VmqI0AAAAJ,Economics of technical change,economic geography,social networks,,,,,,,,,,,,68,104,141,230,336,461,549,619,754,846,807,927,925,1088,1037,1067,884,919,915,930,818,802,783,141
David Stillwell,z9CoSJMAAAAJ,Psychology,social networks,decision making,digital footprints,,,,,,,,,,,,,,,,,,,,,,,42,229,496,743,1200,1513,2041,2215,2502,2518,2189,441
Larry Blume,EPQuuHMAAAAJ,Game Theory,General Equilibrium,Decision Theory,Social Networks,,81,100,114,128,139,155,211,206,212,242,295,326,394,402,457,503,575,571,636,598,704,836,793,816,747,825,815,845,683,722,701,657,136
Douglas White,doBowIIAAAAJ,Social Networks,Complexity,Kinship,Cohesion,Cross-Cultural Research,143,74,154,84,84,117,101,115,141,151,141,207,189,292,363,442,477,607,604,708,827,860,941,933,897,904,800,809,739,723,680,703,138
Mark Lubell,MQiMFHIAAAAJ,environmental policy,collective action,social networks,,,,,,,,,,,,,,45,47,80,140,227,253,308,385,429,533,563,693,927,932,1116,1204,1272,1505,1462,1659,1729,398
Yanjie Bian，边燕杰,ARs_fswAAAAJ,social networks,social stratification,economic sociology,China,,,,,,,,41,61,108,154,176,250,274,410,430,570,614,605,706,719,768,970,1047,986,1022,873,754,754,808,900,795,819,229
Keith N Hampton,E9S9eFMAAAAJ,Sociology,Social Networks,Communication,Urban Studies,Social Capital,,,,,,,,,,,95,196,230,249,285,349,365,416,509,627,715,969,1047,1121,1203,1140,1048,1053,975,936,952,871,148
MohammadTaghi Hajiaghayi,SQ1eGN4AAAAJ,Algorithms,Game Theory,Network Design,Social Networks,BIG Networks,,,,,,,,,,,,,67,122,286,276,350,452,514,564,752,905,827,871,883,894,1074,1210,1081,1305,1354,1468,337
James Moody,sF0O-pIAAAAJ,Sociology,Social Networks,Social Network Analysis,Quantitative Methods,,,,,,,,,,,,,70,120,190,215,351,410,513,541,669,753,795,860,1007,1043,1023,1054,1156,1095,1085,1033,1147,258
Aixin Sun 孙爱欣,wyKGVKUAAAAJ,Information Retrieval,Text Mining,Social Networks,,,,,,,,,,,,,,,,,68,129,119,149,231,278,360,396,417,593,800,944,1022,1240,1537,1893,2153,2475,591
Radu Marculescu,ZCmYP5cAAAAJ,embedded systems,cyber-physical systems,biological systems,social networks,,,,,,,57,91,115,84,69,52,115,139,236,323,411,661,681,813,996,1152,1018,1114,938,1021,947,792,712,579,599,591,512,121
Kenneth A. Frank,8MRhewYAAAAJ,social networks,causal inference,social capital,,,,,,,,,,,,,64,75,111,159,162,237,240,348,360,482,594,681,739,893,1017,1008,1120,1144,1117,1273,1245,1289,304
Örjan Bodin,8JCigasAAAAJ,Natural resources,collaborative governance,landscape ecology,social networks,ecological networks,,,,,,,,,,,,,,,,,55,82,115,249,291,435,521,704,977,958,1249,1223,1584,1701,1980,2069,517
Mehdi Hosseinzadeh,_LsLbE8AAAAJ,Data Mining,Health Data Analyst,Social Networks,E Marketing,E Commerce,,,,,,,,,,,,,,,,,,,,,,,37,58,95,161,145,232,1027,2729,4260,4748,1175
Anabel Quan-Haase,o5za6gIAAAAJ,Social media,Social networks,Social capital,Internet Studies,,,,,,,,,,,,,56,84,137,145,196,219,266,347,415,488,602,632,726,843,938,968,1136,1205,1565,1647,1628,308
Jeffrey C Johnson,jH2otREAAAAJ,Social Networks,Ecosystem Modeling,Intracultural Variation,Social Structure and Cognition,Small Group Dynamics,,43,70,85,92,114,110,137,127,136,219,179,209,193,225,204,255,297,323,348,363,383,385,533,673,757,882,948,1138,1426,1451,1462,303
Noah E. Friedkin,uPCKsFEAAAAJ,Opinion Dynamics,Social Networks,,,,,,53,47,50,80,104,125,138,110,196,213,244,225,252,322,348,428,395,491,506,582,655,710,776,758,849,880,976,1000,953,990,209
Bin Gu,mR9b_ncAAAAJ,online platforms,social networks,future of work,fintech,,,,,,,,,,,,,,,,,37,72,103,133,233,355,464,719,816,976,1068,1195,1284,1400,1332,1398,1517,360
Marcel Salathé,_wHMGkUAAAAJ,digital epidemiology,applied machine learning,health & disease dynamics,personalized nutrition,social networks,,,,,,,,,,,,,,,,,,38,58,106,200,295,393,451,555,645,752,929,1148,2112,2654,2552,540
Vikram Krishnamurthy,em7o4kwAAAAJ,controlled sensing,statistical signal processing,social networks,inverse reinforcement learning,,,,,,45,66,111,86,104,78,126,165,221,261,350,370,508,491,605,678,703,795,794,763,857,767,745,740,700,661,656,755,141
Eric Gilbert,71OktocAAAAJ,social computing,social media,social networks,cmc,cscw,,,,,,,,,,,,,,,,,,,62,125,172,289,366,464,652,827,978,1119,1387,1743,2153,2369,536
Thrasyvoulos Spyropoulos,WVLr6NYAAAAJ,Stochastic Modeling,Wireless Networks,Social Networks,Optimization Theory,Machine Learning,,,,,,,,,,,,,,,84,124,232,339,519,739,858,1095,1120,1174,1179,1086,908,912,805,638,631,477,125
Sarah Jack,2gyJbdIAAAAJ,Entrepreneurship,social networks,social aspects,education,,,,,,,,,,,,,,,57,93,152,160,228,233,481,465,518,632,733,847,934,1062,1018,1129,1196,1294,1345,270
James Holland Jones,0_6ULyIAAAAJ,Human Behavioral Ecology,Life History Theory,Adaptation,Social Networks,Anthropology,,,,,,,,,44,47,93,89,91,130,136,201,204,189,255,352,401,548,552,555,640,647,761,986,1135,1374,1540,1314,330
Siddharth Suri,UK-VpDoAAAAJ,Gig Economy,Crowdsourcing,Behavioral Economics,Social Networks,,,,,,,,,,,,,,,,,33,61,77,113,153,263,455,627,894,1017,1055,1124,1122,1075,1166,1272,1536,329
Bennett Goldberg,i9QlxOEAAAAJ,STEM education,Institutional Change in Higher Ed,Social Networks,Nano-Optics,Spectroscopy,48,114,87,69,54,125,126,198,121,141,160,216,283,301,334,394,487,533,544,503,483,591,655,668,597,638,661,606,618,668,593,579,146
Winter Mason,USiefOEAAAAJ,Crowdsourcing,Social Networks,Social Psychology,,,,,,,,,,,,,,,,,,,,,,103,274,600,898,1138,1245,1304,1284,1199,1126,1026,980,893,182
Christina Prell,oIjPSAIAAAAJ,social networks,natural resource management,environmental perceptions,environmental inequalities,,,,,,,,,,,,,,,,,,33,68,139,188,247,400,570,796,919,1053,1119,1148,1213,1236,1350,1311,287
ajay mehra,ck7xVosAAAAJ,social networks,organizational behavior,,,,,,,,,,,,,50,56,82,106,125,116,174,205,235,276,453,515,596,677,886,878,885,846,944,979,917,980,906,195
Ann Mische,gaGly44AAAAJ,Social movements,culture,social networks,democracy,futures,,,,,,,,,33,48,47,83,106,116,146,178,210,263,315,388,451,480,521,688,709,772,816,882,1004,1032,1153,1136,246
William T. Vetterling,nUGraTEAAAAJ,physics,numerical methods,modeling and simulation,,,1034,1457,1812,2313,2940,3728,4382,4878,5004,5455,5607,5784,6071,6291,6549,6646,6742,6181,5782,5554,5254,5174,4934,4403,4015,3848,3495,3456,3116,2843,2686,2229,531
Edward A. LEE,IJgXsgwAAAAJ,Cyber-Physical Systems,Embedded Systems,Real Time Systems,Modeling and Simulation,Philosophy of Technology,183,245,270,455,552,604,699,706,705,854,948,1009,1294,1255,1456,1726,1839,2053,2063,2243,2632,2487,2880,2777,2870,2853,2838,3111,2899,2689,2576,2148,441
ZHANG Yong-Wei,6ARm7PcAAAAJ,Modeling and Simulation,Additive Manufacturing,2D Materials,Energy Materials,High Entropy Alloys.,,,,,,,,,,,,,,,,108,159,169,238,301,401,731,993,1543,2252,3016,3489,4136,4396,4613,4617,4736,1449
Federico Girosi,Q3Do9UMAAAAJ,Modeling and Simulation,Machine Learning and Health Policy,Health Economics,,,205,313,431,535,592,603,553,774,748,710,818,937,1017,1063,1190,1292,1279,1262,1324,1262,1248,1216,1208,1149,1105,1057,1028,1062,985,974,935,903,228
Zhenhai Xia,oZS9HWsAAAAJ,composites,modeling and simulation,biomimics,catalysis,,,,,,,,,,,,,,,,,70,95,131,218,378,499,669,977,1315,1608,2002,2368,2755,2795,2605,2798,2786,940
Patrick Segers,PWjGliEAAAAJ,biomedical engineering,cardiovascular fluid mechanics,modeling and simulation,hemodynamics,vascular physiology,,,,,,,,,,,,62,96,137,193,216,292,362,448,593,761,996,1233,1437,1609,1778,2043,1941,2003,2272,2422,2259,594
Richard Fujimoto,q1bkP7AAAAAJ,modeling and simulation,parallel computing,distributed computing,distributed simulation,,181,247,335,352,406,378,337,424,522,510,479,482,515,702,837,814,815,689,808,840,746,817,809,722,719,631,697,536,522,435,398,334,107
J. Karl Johnson,a9QyH-0AAAAJ,modeling and simulation,,,,,,,,,,65,58,67,110,162,238,342,366,516,529,593,798,781,981,922,1005,1002,945,933,958,905,871,833,825,851,878,774,260
Xin Sun,wyN2Iz8AAAAJ,ICME,modeling and simulation,materials,multi-scale,advanced high strength steels,,56,62,31,34,41,57,40,46,47,43,54,43,56,107,81,95,107,173,251,365,441,589,770,929,1017,1260,1445,1701,1914,2317,2466,809
Luis Orlindo Tedeschi,uczywzIAAAAJ,Ruminant Nutrition,Bioenergetics,Modeling and Simulation,Feed Characterization,,,,,,,,,,,,47,121,142,232,244,320,365,432,428,554,603,670,668,837,873,925,1022,919,1294,1431,1574,1535,402
John A. Miller,K7j2Uk8AAAAJ,Modeling and Simulation,Web Services,Workflow,Databases,Big Data,,,,57,26,54,96,124,144,175,128,201,301,396,674,911,916,938,1080,1057,953,914,755,689,579,552,516,490,427,419,426,370,78
Carolin Körner,8riDUQ4AAAAJ,Additive Manufacturing,Modeling and Simulation,High performance alloys,Casting technology,,,,,,,,,,,,,,46,61,102,96,80,144,147,205,198,238,285,413,482,827,903,1231,1428,1665,2148,2159,727
MIchael Zyda,qPWq9YwAAAAJ,games,virtual environments,modeling and simulation,,,,41,78,68,146,258,254,226,264,426,388,401,469,505,462,482,473,403,455,392,433,555,516,547,510,518,502,572,515,424,443,426,101
KH Luo,sgjgAxQAAAAJ,combustion,energy,fluid mechanics,modeling and simulation,multiscale,,,,,,,,,,,53,51,36,105,79,76,101,80,110,139,169,164,311,324,423,566,653,908,1137,1175,1611,1891,736
TA Parthasarathy (TAP),MvvMnLIAAAAJ,Ceramic Composites,Advanced Metallic Alloys,Modeling and Simulation,,,67,74,115,143,143,180,191,209,183,229,252,247,219,253,246,276,278,339,392,297,438,434,417,466,499,496,465,535,568,583,674,687,216
Lei He,n_N-PJkAAAAJ,Modeling and simulation,electronic design automation,computing architecture,FPGA,medical AI,,,,,,,47,72,102,111,177,142,170,285,403,358,487,474,479,537,522,504,581,535,504,441,402,414,444,542,678,635,140
Dong Qian,xDtUresAAAAJ,mechanical engineering,computational mechanics,modeling and simulation,nanomechanics,multiscale methods,,,,,,,,,,,,38,92,194,226,231,294,298,259,318,378,328,341,401,418,469,588,751,807,866,1009,1141,414
SNSivanandam,LY958Q8AAAAJ,Modeling and Simulation,Evolutionary Computing,Systems Engineering,Linear Time Invariant Continuous System,,,,,,,,,,,,,,,,,27,53,122,264,385,499,650,737,782,722,795,727,718,682,683,638,609,137
Olav Egeland,BAD30S8AAAAJ,Modeling and simulation,robotics,robotic production,offshore control systems,,37,28,24,52,56,80,102,119,120,143,158,198,188,195,258,266,324,332,304,398,412,426,479,438,409,432,551,528,437,481,455,509,121
Murali Ramanathan,0OtqTloAAAAJ,Multiple sclerosis,Drug Development,Pharmacometrics,Artificial intelligence/Machine Learning,Modeling and Simulation,,,,,,,,,,,,41,53,79,107,124,170,230,274,354,469,579,615,564,520,604,494,521,623,750,781,809,208
Yong Min Lee,9dIJJ7gAAAAJ,Battery,Modeling and Simulation,Electrode Design,Soft Energy Materials,,,,,,,,,,,,,,,,,34,53,51,59,87,111,179,335,484,573,718,740,849,962,1049,1139,1106,402
Pradeep L. Menezes,A1x2feIAAAAJ,Tribology,Surface Engineering,Manufacturing,Composites,Modeling and Simulation,,,,,,,,,,,,,,,,,,62,83,82,139,126,314,143,219,451,495,635,718,933,1384,1845,583
Samuel Kounev,1iN71-YAAAAJ,Software Engineering,Systems Benchmarking,Modeling and Simulation,Autonomic/Self-Aware Computing,Cloud/Serverless Computing,,,,,,,,,,,,,,,35,42,46,71,128,170,209,250,323,591,565,620,672,732,687,666,734,751,176
Wentong Cai,QdmIiyIAAAAJ,Parallel and Distributed Computing,Modeling and Simulation,,,,,,,31,45,35,34,56,60,78,65,88,110,153,231,237,248,281,313,300,282,325,317,334,292,357,364,417,369,412,558,539,127
Srinivasakannan Chandrasekar,mvMG5NQAAAAJ,Fluidization,porous material,microwave heating,modeling and simulation,waste water treatment,,,,,,,,,,,,,,,,19,22,30,45,72,134,181,248,322,486,454,545,614,702,904,1012,993,320
Huayang Zhu,a7W6dggAAAAJ,Solid-oxide fuel cells,Protonic-conducting fuel cells,Batteries,Modeling and simulation,,,,,,,,,,,,,,,27,66,83,170,182,292,286,398,301,416,378,415,431,432,411,586,588,643,665,249
Andreas Tolk,0ftDEGMAAAAJ,Modeling and Simulation,Interoperability and Composability,Complex Adaptive Systems,,,,,,,,,,,,,37,33,63,142,194,254,285,245,309,313,291,332,398,362,425,374,397,462,482,409,413,410,114
Gerd Wagner,zna3SeQAAAAJ,Conceptual Modeling,Foundational Ontology,Model-Driven Development,Modeling and Simulation,Web Engineering,,17,42,36,42,56,87,63,52,64,72,122,163,242,372,314,424,328,393,365,356,265,316,306,251,229,273,298,277,228,241,237,46
Peter M Anderson,NGZ2h5UAAAAJ,Mechanical properties,nanostructured materials,modeling and simulation,,,45,37,37,51,26,60,54,63,77,81,112,109,158,197,209,185,206,180,150,198,217,220,253,263,286,273,285,321,357,368,466,562,238
Nael H. El-Farra,LoRzDQgAAAAJ,Process Control,Process Monitoring,Energy Systems Engineering,Modeling and Simulation,,,,,,,,,,,,16,18,63,106,188,174,276,385,386,284,253,384,400,358,384,321,339,379,347,331,313,304,112
Peter N. Ciesielski,cCZVp8sAAAAJ,Bioenergy,Bio-based materials,Catalysis,Advanced Imaging,Modeling and Simulation,,,,,,,,,,,,,,,,,,,,18,40,57,95,194,247,380,465,660,799,923,996,1051,302
Jennifer Hicks,vOur3Q4AAAAJ,Biomechanics,Modeling and Simulation,,,,,,,,,,,,,,,,,,,,,,21,37,62,64,69,74,79,184,281,433,618,839,1363,1554,417
Billy Williams,grIuzOoAAAAJ,Traffic Flow Theory,Modeling and Simulation,Intelligent Transportation Systems,Traffic Forecasting,,,,,,,,,,,,,,19,33,64,65,84,96,110,124,170,226,253,304,296,362,326,506,574,711,655,789,155
Jose CM Outeiro,__yDb3QAAAAJ,Advanced Manufacturing,Sustainable Manufacturing,Surface Integrity,Modeling and Simulation,Digital Twin,,,,,,,,,,,,,,,,27,50,64,77,128,145,216,246,380,371,330,479,491,528,536,661,789,148
Peter Bonate,4DUuvrAAAAAJ,Pharmacokinetics,Clinical Pharmacology,Modeling and Simulation,Communication,,,,20,27,25,31,43,24,24,38,56,83,65,64,130,175,178,186,250,274,285,272,261,300,328,312,308,301,315,341,366,352,92
Peter Buchholz,0acDre4AAAAJ,Modeling and Simulation,Markov Processes,Numerical Methods,Performance Modeling,,,,18,47,90,73,54,89,88,104,112,121,142,213,172,257,229,217,247,275,245,316,232,277,211,267,256,262,224,158,161,180,42
Russell Bent,DPvklMcAAAAJ,Operations Research,Artificial Intelligence,Power Systems,Modeling and Simulation,,,,,,,,,,,,,,,35,71,65,113,115,150,132,159,212,215,256,282,310,339,409,558,534,651,620,152
Adolfy Hoisie,cVOK6MsAAAAJ,Computer science,computer architecture,modeling and simulation,,,,,,,,,,,15,35,21,62,202,194,254,223,178,207,223,279,298,303,269,320,327,313,272,247,257,203,195,156,28
Sandhya Girish,6O0j3SIAAAAJ,Clinical Pharmacology,pharmacometrics,modeling and simulation,,,,,,,,,,,,,,,16,28,39,30,34,44,87,132,216,380,505,490,394,445,350,297,318,404,412,437,91
Ajay Seth,WlP-Q9sAAAAJ,Biomechanics,Modeling and Simulation,Computational Biomechanics,Human Movement,Multibody Dynamics,,,,,,,,,,,,,,,,,,,14,15,66,109,125,213,227,399,434,447,575,568,751,808,220
Luciano Bononi,oWTRkoAAAAAJ,Wireless Networks,Modeling and Simulation,Internet of Things,Smart Energy and Mobility,Digital Twin,,,,,,,,,,,,16,26,49,109,140,102,107,147,161,168,224,220,322,309,389,318,379,425,446,412,297,88
David Kazmer,QHwwvHMAAAAJ,product design,polymer processing,modeling and simulation,,,,,,,,,16,10,28,29,63,80,143,197,163,201,209,165,144,216,231,178,203,204,162,186,201,196,258,305,452,461,119
Xiaomin Deng,vpTwG0wAAAAJ,Solid mechanics,finite element,modeling and simulation,manufacturing process simulation,molecular dynamics simulation,,,18,18,21,27,27,39,32,46,45,62,94,101,148,161,161,186,208,237,258,216,270,267,249,270,269,284,217,212,220,207,55
Francesco Longo,xAG5ggwAAAAJ,Modeling and Simulation,,,,,,,,,,,,,,,,,,,,22,28,35,66,80,120,187,272,249,252,283,299,262,315,431,574,709,222
Parviz Ghahramani,H0hCkDwAAAAJ,Clinical Pharmacology,Modeling and Simulation,Pharmacometrics,Strategic Portfolio Management,Drug Development,,,,,,,,,23,42,87,122,162,180,229,254,242,279,249,208,176,156,176,219,147,171,182,168,196,174,190,200,50
Prof. Dr. Fateh Mebarek Oudina (F. Mebarek-Oudina),UbsZtmQAAAAJ,Applied Mathematics,Nanofluids,Magnetohydrodynamics (MHD),Heat and Mass Transfer,Modeling and simulation...,,,,,,,,,,,,,,,,,,,,,,,,,,,17,62,193,552,1175,1521,728
Ernesto Kofman,WdXDZEkAAAAJ,Modeling and Simulation,Control Theory,,,,,,,,,,,,,,,15,45,28,47,98,109,99,124,160,170,206,262,335,350,299,261,318,280,253,370,274,67
Subramaniam Ramalingam,pdQxLskAAAAJ,Biofuels,Bioprocessing,Adsorption,Modeling and simulation,,,,,,,,,,,,,,,,,,,23,25,29,81,118,176,266,271,377,269,367,419,514,516,428,113
Paul Veers,yfBBH0MAAAAJ,Wind energy,turbulence,atmospheric science,modeling and simulation,reliability,10,15,16,18,9,28,9,26,27,21,14,21,41,49,46,61,66,100,82,123,198,161,203,228,206,270,233,226,247,248,282,437,116
André Leier,YGqi6JwAAAAJ,Computational Biomedicine,Systems Biology,Bioinformatics,Modeling and Simulation,Machine Learning,,,,,,,,,,,,,,,12,29,49,53,73,82,96,101,113,126,101,93,121,198,473,633,604,745,171
Levent Yilmaz,uPBKJewAAAAJ,Modeling and Simulation,Agent-Directed Simulation,Multi-Agent Systems,Autonomous Systems,Complex Adaptive Systems,,,,,,,,,,,,,,,17,25,60,59,111,118,102,123,125,147,272,330,463,364,412,342,325,327,64
Malcolm Low,bDF-COcAAAAJ,Modeling and Simulation,Optimization,,,,,,,,,,,10,9,33,26,36,29,37,65,87,86,86,151,203,223,324,289,310,283,235,231,223,207,173,195,140,25
Farhad Sharif,KOsfLGMAAAAJ,Advanced Manufacturing,Advanced Functional Material,Graphene,Polymer/ Nano Composites,Modeling and Simulation,,,,,,,,,,,,,,,,,11,11,22,37,45,107,167,196,252,329,321,328,363,348,453,536,177
RP Kingsly Ambrose,L9rb0JoAAAAJ,Particle Technology,Post-harvest engineering and technology,grain processing,modeling and simulation,,,,,,,,,,,,,,,,,,33,62,83,125,158,179,201,244,231,254,283,273,260,298,407,462,119
Wil Thissen,qEKSzYoAAAAJ,Systems and Policy Analysis,modeling and simulation,impact assessment,,,,,,,,,,,,13,37,36,65,54,73,75,107,100,144,130,163,199,219,220,232,201,258,254,228,225,231,228,44
J Mailen Kootsey,n1x9YiAqLU8C,Modeling and simulation,cardiac electrophysiology,,,,146,98,111,99,85,114,117,88,81,124,110,102,75,85,77,56,55,64,54,56,73,69,59,78,51,37,40,44,52,52,49,44,10
"Suresh Kumar Agarwal, MS, PhD, RPH",u6M58JEAAAAJ,Clinical Pharmacology,Modeling and Simulation,,,,,,,,,,,,,,,,,,,,,,,,,,,9,15,73,230,410,505,664,738,647,156
L. Miguel Silveira,IMt587kAAAAJ,Electrical and Computer Engineering,Modeling and Simulation,Model Reduction,Parallel,DIstributed and Concurrent Programming,,,,9,10,20,37,71,70,105,82,117,138,168,186,154,218,197,188,178,179,157,139,127,108,109,96,111,87,82,116,140,66
Jannatul Azmir,mRpl9V0AAAAJ,Modeling and simulation,CFD and DEM,Data Analysis,Machine learning,Process simulation,,,,,,,,,,,,,,,,,,,,,,,10,102,146,204,288,408,459,503,550,591,116
Emilio Jimenez,SRdXUmkAAAAJ,Modeling and simulation,Discrete event systems,Industry 4.0,Renewable energy,Environmental impact,,,,,,,,,,,,23,3,11,20,7,15,25,35,58,91,121,129,171,212,261,265,310,318,316,468,405,97
Matilde Santos Peñas,JHVfbC8AAAAJ,Intelligent Control,Modeling and Simulation,Soft Computing,Engineering Applications,Floating Wind Turbines,,,,,,,,,,,,12,12,7,21,36,45,58,52,88,107,103,108,120,154,187,180,232,323,326,440,507,158
Jenny Y Chien,8Ois0p0AAAAJ,Clinical pharmacology,PK/PD,pharmacometrics,modeling and simulation,diabetes,,,,,,,,10,13,13,14,32,29,39,37,58,85,80,62,81,103,147,158,253,277,314,228,229,240,243,240,268,87
Francesco Topputo,pMHn_coAAAAJ,low-energy low-thrust space trajectories,ballistic capture,Lagrange points,nonlinear optimal control,modeling and simulation,,,,,,,,,,,,,,,,,14,20,25,56,66,106,99,137,151,184,193,293,311,316,430,702,213
David McKeown,6MdiFdgAAAAJ,Geospatial visualization,remote sensing,modeling and simulation,computer vision,,68,96,94,117,130,126,152,128,110,119,96,87,95,93,95,100,85,87,76,85,86,77,74,78,60,59,60,76,52,62,38,33,5
Mingtao Li,Cg-ZmKoAAAAJ,Process Systems Engineering,Energy System Engineering,AI for Energy,Carbon Neutrality,Modeling and Simulation,,,,,,,,,,,,,,,,,,,,11,33,71,90,107,198,257,312,351,371,379,419,482,213
Jan Broeckhove,GV7V0gwAAAAJ,Modeling and Simulation,Computational Science,Parallel and Distributed Computing,,,13,19,14,30,29,16,32,23,21,18,32,40,29,34,51,53,54,113,129,82,110,156,219,222,234,211,220,196,172,165,161,129,29
Mats Åkesson,7mRib0sAAAAJ,cell culture and fermentation,bioprocessing,automatic control,modeling and simulation,,,,,,,,,,,9,24,20,28,53,106,138,237,181,217,224,173,233,213,189,193,183,166,148,149,109,111,99,25
seyed mahmoud mousavi,uYzCAI8AAAAJ,Chemical Engineering,Environmental Engineering,Modeling and Simulation,Membrane Processes and Membrane,,,,,,,,,,,,,,,10,10,13,18,22,26,34,58,91,141,176,191,239,266,244,293,355,416,461,154
Jyh-Pin Chou,bx_4r64AAAAJ,Modeling and Simulation,Electronic properties of Nanomaterials,Surface Catalyst,2D Materials,,,,,,,,,,,,,,,,,,,,,,11,14,17,21,71,83,85,242,466,571,675,751,220
Michael Lees,Wd-m908AAAAJ,Modeling and Simulation,Agent-based modeling,Complex Systems,Distributed Simulation,,,,,,,,,,,,,,,10,26,44,48,56,82,89,112,151,129,161,176,183,219,246,276,259,363,318,72
Assoc. Prof. Chuong V. Nguyen,EAc3tzgAAAAJ,Graphene,2D Materials,Modeling and Simulation,Density Functional Theory,Quantum Espresso,,,,,,,,,,,,,,,,,,,,,,,,11,26,30,33,106,322,628,833,765,301
Rafael Ferreira da Silva,N63oC44AAAAJ,Scientific Workflows,Distributed Computing,Workflow Management,Modeling and Simulation,High Performance Computing,,,,,,,,,,,,,,,,,,,,,10,34,61,70,169,236,288,307,382,368,476,465,102
Akira Sasaki,rgmgwz4AAAAJ,plasmas,quantum electronics,EUV,modeling and simulation,percolation,,,,,,,,,12,47,79,63,88,106,120,165,176,245,208,177,161,156,164,147,138,139,135,111,102,90,83,52,26
Prof Kumanan Somasundaram,c6zGsIAAAAAJ,Modeling and Simulation,Intelligent Manufacturing,Supply chain Management,E Maintenance,Field service Management,,,,,,,,,,,,,,,,9,22,34,50,85,117,171,185,223,229,248,231,230,223,219,293,275,72
Didier Renard,Jp1cBH8AAAAJ,Modeling and simulation,pharmacometrics,biostatistics,drug development,,,,,,,,,,,8,19,34,44,73,96,77,100,119,114,140,142,149,205,169,173,207,157,164,150,167,167,152,43
Shahrouz Aliabadi,TvHhyjEAAAAJ,High Performance Computing,Modeling and Simulation,Finite Element and Volume Methods,Aerospace and Environmental Engineering,,,,14,27,31,38,120,75,85,59,88,77,81,67,99,145,65,73,107,110,115,130,173,146,108,156,112,131,108,91,80,97,17
Xueping Li,VNdOMvoAAAAJ,Modeling and simulation,Optimization,Healthcare engineering,Supply chain and logistics,Data Analytics,,,,,,,,,,,,,,,,,20,20,31,45,48,64,108,141,155,181,220,255,274,286,406,463,103
rajeev kumar garg,kHGi1rMAAAAJ,modeling and simulation,,,,,,,,,8,9,22,14,8,23,21,23,22,28,35,24,30,46,38,57,49,61,70,85,124,146,155,197,215,210,386,538,106
Florence Maraninchi,HgkrJ3UAAAAJ,embedded systems,synchronous languages,programming language semantics,hardware/software interface,modeling and simulation,,10,17,54,24,47,48,67,57,64,73,57,67,45,113,147,171,206,181,171,164,151,170,96,109,87,94,74,59,52,33,31,12
Sastry Isukapalli,9XkgHEUAAAAJ,AI / ML,Cloud Computing,Emerging Technologies,Big Data Analytics,Modeling and Simulation,,,,,,,,,,10,11,22,31,41,42,57,62,72,89,112,110,152,162,205,178,195,175,207,206,201,180,169,35
Job van Amerongen,ZM5AMQ4AAAAJ,Control Engineering,Mechatronics,Intelligent Control,Modeling and Simulation,,28,34,43,32,34,29,38,65,53,83,66,79,108,103,94,127,133,121,110,93,93,90,110,116,87,98,99,70,82,64,56,36,10
Jan Freijer,hpbVI8QAAAAJ,Modeling and simulation,,,,,,,,,8,20,22,30,27,36,57,48,60,61,81,98,79,118,130,143,141,126,147,159,138,141,123,134,112,109,123,122,34
Sepehr Arbabi,uGwMncoAAAAJ,Applications of Percolation,Oil and Gas,Modeling and Simulation,Process Integration,,19,32,42,38,62,57,41,59,60,68,92,75,69,65,97,102,91,75,71,108,112,120,120,109,149,93,83,78,85,98,120,88,25
Jin Y. Jin,JLkyzUMAAAAJ,pharmacometrics,clinical pharmacology,modeling and simulation,computational model,,,,,,,,,,,,,,,7,20,15,27,26,22,26,47,69,97,103,115,151,173,218,286,356,353,373,123
Ricardo Simoes,6RAhE18AAAAJ,Product Design and Development,Computational Materials Science,Modeling and Simulation,,,,,,,,,,,,,,7,9,21,8,22,16,13,30,55,56,103,124,151,149,194,201,231,263,278,298,302,69
SA El-Tantawy,gEExLpMAAAAJ,Modeling and Simulation,Numerical analysis,Theoretical Physics,Nonlinear waves,Physics of plasmas,,,,,,,,,,,,,,,,,,,,,19,42,52,68,65,71,164,144,204,232,443,777,323
Young B Moon,RX9Q1y0AAAAJ,Cyber-Manufacturing Systems,Machine Learning,Modeling and Simulation,Cyber-Physical Security,Sustainability,,7,21,19,45,26,27,40,32,26,26,17,16,17,21,30,41,52,60,96,91,99,121,98,92,108,131,171,208,217,248,269,61
David Griffith,cbKQJ94AAAAJ,wireless communications,signal processing,modeling and simulation,,,,,,,,,,,,,12,21,26,35,56,62,31,46,40,58,63,101,78,76,81,93,155,149,235,289,355,350,103
Muhammad Zubair,CnJG4HoAAAAJ,Applied Electromagnetics,Metamaterials and Nanophotonics,Fractional Modeling,Biomedical Imaging,Modeling and Simulation,,,,,,,,,,,,,,,,,,,,,17,33,49,47,55,40,73,123,167,237,500,927,243
Islam H. El-adaway,COzssEMAAAAJ,Construction Engineering and Management,Infrastructure Management,Modeling and Simulation,Decision Management,Contract Mana,,,,,,,,,,,,,,,,,,,7,10,7,27,30,43,41,60,89,128,169,341,537,771,194
José L. Risco-Martín,rxlXgfQAAAAJ,DEVS formalism,Modeling and Simulation,Optimization,Artificial Intelligence,Parallel and Distributed Computing,,,,,,,,,,,,,,,,7,22,46,89,93,134,93,109,136,158,155,226,217,195,225,181,212,58
Kartik Ganapathi,fawRlY0AAAAJ,Semiconductor devices,modeling and simulation,,,,,,,,,,,,,,,,,,,,,,,,43,119,195,225,264,283,290,240,228,163,161,128,38
Saurabh Mittal,G1EkqjMAAAAJ,Modeling and Simulation,Complex adaptive systems,Cyber Physical Systems,DEVS,System of Systems,,,,,,,,,,,,,,,9,33,55,65,144,83,141,80,163,141,127,133,156,238,193,186,136,136,50
Suresh Gupta,tqwaWI8AAAAJ,Environmental Engineering,Separation Processes,Modeling and Simulation,Bioremediation,Energy Integration,,,,,,,,,,,,,,,,,,23,45,62,81,105,147,142,208,222,217,202,160,174,216,217,59
Tuan V. Vu (Ph.D),ch9mhAEAAAAJ,2D Materials,Modeling and Simulation,Density Functional Theory,Semiconductors,,,,,,,,,,,,,,,,,,,,,,,,,,,20,25,69,103,400,612,768,295
Maxwell Lewis Neal,E2zYEoUAAAAJ,computational biology,modeling and simulation,biomedical semantics,patient-specific modeling,bioinformatics,,,,,,,,,,,,21,39,38,40,20,32,63,76,73,119,62,144,111,131,164,125,165,200,195,194,170,41
Dr. David Stargel,CJTVo4YAAAAJ,modeling and simulation,,,,,,,,,,,,,,,,,,,,,,,,12,25,32,36,50,36,57,65,136,239,359,491,561,123
Weiping Shi,m1x4qEkAAAAJ,Electronic Design Automation,Integrated Circuits,Algorithms,Modeling and Simulation,,8,10,10,12,16,22,22,21,27,28,18,18,42,74,99,119,146,180,137,154,112,143,106,158,84,58,77,48,47,33,44,46,19
Xiaolin Hu,zeU19nAAAAAJ,Modeling and simulation,agent and multi-agent systmes,,,,,,,,,,,,,,,,11,18,40,27,65,57,102,81,120,111,138,142,162,135,156,173,169,131,119,154,42
William R. Cannon,AlrLiSQAAAAJ,Statistical Physics,Computational Biology,Modeling and Simulation,Enzymology and Metabolism,,,,,,,,22,25,21,39,42,39,45,38,37,57,74,54,67,79,77,71,65,74,80,72,75,87,91,182,238,284,94
